"","IRIS","population"
"1","751010101",340
"2","751010102",48
"3","751010103",91
"4","751010201",718
"5","751010202",638
"6","751010203",1172
"7","751010204",959
"8","751010206",177
"9","751010301",1129
"10","751010302",39
"11","751010303",86
"12","751010401",487
"13","751010402",506
"14","751020501",385
"15","751020502",110
"16","751020503",76
"17","751020601",577
"18","751020602",510
"19","751020701",710
"20","751020702",773
"21","751020703",795
"22","751020704",337
"23","751020801",764
"24","751020802",639
"25","751020803",754
"26","751020804",732
"27","751020805",794
"28","751030901",831
"29","751030902",653
"30","751030903",785
"31","751030904",666
"32","751030905",627
"33","751031001",1062
"34","751031002",788
"35","751031003",1010
"36","751031004",697
"37","751031101",1004
"38","751031102",558
"39","751031103",593
"40","751031104",1086
"41","751031201",877
"42","751031202",774
"43","751031203",894
"44","751031204",878
"45","751041301",703
"46","751041302",936
"47","751041303",710
"48","751041304",70
"49","751041401",1397
"50","751041402",874
"51","751041403",941
"52","751041404",731
"53","751041501",1721
"54","751041502",574
"55","751041503",760
"56","751041504",645
"57","751041601",822
"58","751041602",234
"59","751041603",21
"60","751051701",890
"61","751051702",584
"62","751051703",950
"63","751051704",1067
"64","751051705",675
"65","751051706",7
"66","751051801",621
"67","751051802",798
"68","751051803",759
"69","751051804",1366
"70","751051805",2081
"71","751051806",995
"72","751051807",1028
"73","751051808",540
"74","751051901",1100
"75","751051902",785
"76","751051903",1022
"77","751051904",555
"78","751051905",822
"79","751051906",754
"80","751051907",699
"81","751051908",1099
"82","751052001",1020
"83","751052002",611
"84","751052003",568
"85","751052004",997
"86","751052005",183
"87","751062101",575
"88","751062102",678
"89","751062103",667
"90","751062201",542
"91","751062202",483
"92","751062203",790
"93","751062204",834
"94","751062205",0
"95","751062301",558
"96","751062302",842
"97","751062303",630
"98","751062304",635
"99","751062305",1106
"100","751062306",998
"101","751062307",595
"102","751062308",1138
"103","751062309",909
"104","751062310",914
"105","751062311",550
"106","751062401",630
"107","751062402",963
"108","751072501",720
"109","751072502",521
"110","751072503",649
"111","751072504",542
"112","751072505",550
"113","751072506",938
"114","751072508",5
"115","751072601",766
"116","751072602",498
"117","751072603",239
"118","751072604",508
"119","751072606",59
"120","751072701",1051
"121","751072702",545
"122","751072703",565
"123","751072704",712
"124","751072705",644
"125","751072706",1016
"126","751072707",41
"127","751072801",931
"128","751072802",794
"129","751072803",585
"130","751072804",1659
"131","751072805",1319
"132","751072806",535
"133","751072807",742
"134","751072808",549
"135","751072809",811
"136","751072810",1247
"137","751072811",799
"138","751082901",280
"139","751082902",214
"140","751082903",195
"141","751082904",67
"142","751082905",179
"143","751083001",808
"144","751083002",1256
"145","751083003",271
"146","751083004",642
"147","751083005",714
"148","751083006",267
"149","751083101",70
"150","751083102",136
"151","751083103",590
"152","751083104",307
"153","751083105",453
"154","751083106",401
"155","751083107",120
"156","751083108",196
"157","751083201",882
"158","751083202",679
"159","751083203",476
"160","751083204",936
"161","751083205",1279
"162","751083206",972
"163","751083207",721
"164","751083208",409
"165","751083209",319
"166","751083210",303
"167","751093301",576
"168","751093302",669
"169","751093303",934
"170","751093304",863
"171","751093305",605
"172","751093306",852
"173","751093307",1175
"174","751093308",907
"175","751093309",644
"176","751093310",564
"177","751093311",255
"178","751093401",42
"179","751093402",21
"180","751093403",476
"181","751093404",12
"182","751093405",146
"183","751093406",91
"184","751093407",526
"185","751093408",370
"186","751093409",179
"187","751093501",1256
"188","751093502",852
"189","751093503",1545
"190","751093504",646
"191","751093601",873
"192","751093602",1199
"193","751093603",721
"194","751093604",772
"195","751093605",878
"196","751093606",702
"197","751093607",984
"198","751093608",1038
"199","751093609",745
"200","751093610",929
"201","751103701",1052
"202","751103702",1199
"203","751103703",887
"204","751103704",1138
"205","751103705",676
"206","751103706",999
"207","751103707",1101
"208","751103708",551
"209","751103709",1373
"210","751103711",46
"211","751103712",168
"212","751103801",599
"213","751103802",574
"214","751103803",974
"215","751103804",1328
"216","751103805",1226
"217","751103806",1510
"218","751103901",1233
"219","751103902",924
"220","751103903",760
"221","751103904",793
"222","751103905",765
"223","751103906",800
"224","751103907",660
"225","751103908",1332
"226","751103909",711
"227","751103910",937
"228","751104001",1170
"229","751104002",1508
"230","751104003",883
"231","751104004",462
"232","751104005",644
"233","751104006",1515
"234","751104007",2032
"235","751104008",1482
"236","751104009",874
"237","751104010",1119
"238","751104011",983
"239","751104012",78
"240","751114101",1860
"241","751114102",1376
"242","751114103",572
"243","751114104",610
"244","751114105",566
"245","751114106",1020
"246","751114107",836
"247","751114108",790
"248","751114109",1234
"249","751114110",611
"250","751114111",492
"251","751114112",639
"252","751114113",557
"253","751114114",804
"254","751114115",673
"255","751114201",675
"256","751114202",1062
"257","751114203",1012
"258","751114204",843
"259","751114205",804
"260","751114206",1259
"261","751114207",862
"262","751114208",866
"263","751114209",935
"264","751114210",908
"265","751114211",801
"266","751114212",527
"267","751114213",1042
"268","751114214",650
"269","751114301",1465
"270","751114302",1450
"271","751114303",540
"272","751114304",754
"273","751114305",1456
"274","751114306",1211
"275","751114307",1124
"276","751114308",563
"277","751114309",605
"278","751114310",608
"279","751114311",716
"280","751114312",675
"281","751114313",841
"282","751114314",750
"283","751114315",770
"284","751114316",1012
"285","751114317",801
"286","751114318",651
"287","751114319",558
"288","751114320",804
"289","751114321",664
"290","751114401",717
"291","751114402",767
"292","751114403",859
"293","751114404",858
"294","751114405",538
"295","751114406",1105
"296","751114407",757
"297","751114408",1361
"298","751114409",1173
"299","751114410",2282
"300","751114411",1869
"301","751114412",1564
"302","751114413",886
"303","751124501",888
"304","751124502",1278
"305","751124503",745
"306","751124504",1081
"307","751124505",1251
"308","751124506",1101
"309","751124507",1119
"310","751124508",729
"311","751124509",727
"312","751124510",643
"313","751124511",988
"314","751124512",1662
"315","751124513",949
"316","751124514",631
"317","751124577",232
"318","751124601",1503
"319","751124602",974
"320","751124603",894
"321","751124604",762
"322","751124605",745
"323","751124606",1308
"324","751124608",620
"325","751124609",742
"326","751124610",959
"327","751124611",1039
"328","751124612",913
"329","751124613",1501
"330","751124614",1102
"331","751124615",1593
"332","751124616",1905
"333","751124617",942
"334","751124618",871
"335","751124619",2496
"336","751124620",997
"337","751124621",969
"338","751124622",652
"339","751124623",995
"340","751124624",823
"341","751124677",308
"342","751124701",915
"343","751124702",1014
"344","751124703",875
"345","751124704",978
"346","751124705",1581
"347","751124707",140
"348","751124801",1046
"349","751124802",591
"350","751124803",680
"351","751124804",886
"352","751124805",833
"353","751124806",652
"354","751124807",1107
"355","751124808",842
"356","751124809",877
"357","751124810",1019
"358","751124812",960
"359","751124813",238
"360","751134901",1079
"361","751134902",917
"362","751134903",560
"363","751134904",518
"364","751134905",747
"365","751134906",673
"366","751134907",534
"367","751134908",491
"368","751135001",915
"369","751135002",711
"370","751135003",3671
"371","751135004",2415
"372","751135005",955
"373","751135006",2355
"374","751135007",3858
"375","751135008",911
"376","751135009",647
"377","751135010",733
"378","751135011",880
"379","751135012",753
"380","751135013",837
"381","751135014",1035
"382","751135015",632
"383","751135016",879
"384","751135017",414
"385","751135018",692
"386","751135019",1266
"387","751135020",1022
"388","751135021",1742
"389","751135023",966
"390","751135024",848
"391","751135025",578
"392","751135026",579
"393","751135027",729
"394","751135028",785
"395","751135029",1166
"396","751135030",778
"397","751135031",761
"398","751135032",106
"399","751135101",673
"400","751135102",1902
"401","751135103",1068
"402","751135104",1095
"403","751135105",1472
"404","751135106",1035
"405","751135107",1107
"406","751135108",619
"407","751135109",732
"408","751135110",2232
"409","751135111",655
"410","751135112",775
"411","751135113",672
"412","751135114",980
"413","751135115",341
"414","751135116",1616
"415","751135117",699
"416","751135118",611
"417","751135119",924
"418","751135120",765
"419","751135121",281
"420","751135122",821
"421","751135123",647
"422","751135124",2219
"423","751135125",992
"424","751135201",1109
"425","751135202",497
"426","751135203",1137
"427","751135204",855
"428","751135205",1323
"429","751135206",1096
"430","751135207",827
"431","751145301",319
"432","751145302",542
"433","751145303",671
"434","751145304",500
"435","751145305",745
"436","751145306",860
"437","751145307",491
"438","751145308",609
"439","751145309",438
"440","751145310",456
"441","751145311",39
"442","751145401",422
"443","751145402",1548
"444","751145403",1266
"445","751145404",729
"446","751145405",1011
"447","751145406",1506
"448","751145407",124
"449","751145501",947
"450","751145502",601
"451","751145503",1114
"452","751145504",973
"453","751145505",1210
"454","751145506",886
"455","751145507",854
"456","751145508",834
"457","751145509",551
"458","751145510",719
"459","751145511",515
"460","751145512",627
"461","751145513",1123
"462","751145514",552
"463","751145515",792
"464","751145516",953
"465","751145601",884
"466","751145602",523
"467","751145603",1012
"468","751145604",1651
"469","751145605",1160
"470","751145606",1418
"471","751145607",1459
"472","751145608",710
"473","751145609",1439
"474","751145610",1503
"475","751145611",862
"476","751145612",906
"477","751145613",949
"478","751145614",623
"479","751145615",855
"480","751145616",1094
"481","751145617",1091
"482","751145618",1389
"483","751145619",903
"484","751145620",1055
"485","751145621",694
"486","751145622",543
"487","751145623",1107
"488","751145624",1930
"489","751145625",186
"490","751155701",1666
"491","751155702",873
"492","751155703",1294
"493","751155704",1682
"494","751155705",1623
"495","751155706",909
"496","751155707",977
"497","751155708",1885
"498","751155709",1219
"499","751155710",2338
"500","751155711",637
"501","751155712",723
"502","751155713",764
"503","751155714",609
"504","751155715",833
"505","751155716",1117
"506","751155717",1331
"507","751155718",671
"508","751155719",889
"509","751155720",978
"510","751155721",490
"511","751155722",1146
"512","751155723",916
"513","751155724",1155
"514","751155725",797
"515","751155726",1268
"516","751155727",944
"517","751155728",561
"518","751155729",1064
"519","751155730",1114
"520","751155731",1041
"521","751155732",2
"522","751155801",1230
"523","751155802",1294
"524","751155803",1244
"525","751155804",958
"526","751155805",558
"527","751155806",1071
"528","751155807",1022
"529","751155808",871
"530","751155809",1541
"531","751155810",1965
"532","751155811",555
"533","751155812",756
"534","751155813",750
"535","751155814",742
"536","751155815",722
"537","751155816",1111
"538","751155817",830
"539","751155818",538
"540","751155901",676
"541","751155902",703
"542","751155903",757
"543","751155904",790
"544","751155905",793
"545","751155906",973
"546","751155907",749
"547","751155908",2894
"548","751155909",768
"549","751155910",740
"550","751155911",883
"551","751155912",1272
"552","751155913",841
"553","751155914",598
"554","751155915",595
"555","751155916",775
"556","751155917",1143
"557","751155918",1591
"558","751155919",1182
"559","751155920",227
"560","751156001",799
"561","751156002",567
"562","751156003",1153
"563","751156004",1411
"564","751156005",1432
"565","751156006",778
"566","751156007",807
"567","751156008",564
"568","751156009",589
"569","751156010",1030
"570","751156012",1682
"571","751156013",749
"572","751156014",2701
"573","751156015",1126
"574","751156016",880
"575","751156017",1031
"576","751156018",1179
"577","751156019",1320
"578","751156020",1022
"579","751156021",133
"580","751156022",166
"581","751156023",32
"582","751166101",1285
"583","751166102",1116
"584","751166103",821
"585","751166104",1509
"586","751166105",1266
"587","751166106",1142
"588","751166107",1125
"589","751166108",758
"590","751166109",1081
"591","751166110",1094
"592","751166111",895
"593","751166112",732
"594","751166113",738
"595","751166114",1149
"596","751166115",1539
"597","751166116",478
"598","751166117",964
"599","751166118",671
"600","751166119",619
"601","751166120",530
"602","751166121",790
"603","751166122",1411
"604","751166123",769
"605","751166124",810
"606","751166125",713
"607","751166126",1008
"608","751166127",1176
"609","751166128",960
"610","751166129",476
"611","751166130",833
"612","751166131",6
"613","751166177",5
"614","751166201",708
"615","751166202",711
"616","751166203",757
"617","751166204",1007
"618","751166205",655
"619","751166206",773
"620","751166207",530
"621","751166208",808
"622","751166209",761
"623","751166210",508
"624","751166211",788
"625","751166212",911
"626","751166213",1027
"627","751166214",742
"628","751166215",785
"629","751166216",613
"630","751166217",765
"631","751166218",925
"632","751166219",987
"633","751166220",1097
"634","751166221",605
"635","751166223",35
"636","751166277",11
"637","751166301",740
"638","751166302",1284
"639","751166303",904
"640","751166304",1081
"641","751166305",759
"642","751166306",772
"643","751166307",777
"644","751166308",1228
"645","751166309",771
"646","751166310",475
"647","751166311",623
"648","751166377",50
"649","751166401",536
"650","751166402",789
"651","751166403",1011
"652","751166404",703
"653","751166405",874
"654","751166406",758
"655","751166407",1398
"656","751166409",933
"657","751166410",142
"658","751166411",63
"659","751166412",236
"660","751166413",106
"661","751176501",1322
"662","751176502",874
"663","751176503",780
"664","751176504",1174
"665","751176505",882
"666","751176506",836
"667","751176507",1015
"668","751176508",1251
"669","751176509",783
"670","751176510",1104
"671","751176511",853
"672","751176512",935
"673","751176513",719
"674","751176514",1122
"675","751176515",1405
"676","751176601",968
"677","751176602",1272
"678","751176603",1187
"679","751176604",1018
"680","751176605",739
"681","751176606",683
"682","751176607",683
"683","751176608",737
"684","751176609",775
"685","751176610",923
"686","751176611",1093
"687","751176612",1135
"688","751176613",790
"689","751176614",1169
"690","751176615",1158
"691","751176616",1263
"692","751176701",959
"693","751176702",903
"694","751176703",777
"695","751176704",814
"696","751176705",705
"697","751176706",812
"698","751176707",935
"699","751176708",861
"700","751176709",836
"701","751176710",1515
"702","751176711",792
"703","751176712",642
"704","751176713",1178
"705","751176714",3530
"706","751176715",932
"707","751176716",784
"708","751176801",1132
"709","751176802",1485
"710","751176803",949
"711","751176804",899
"712","751176805",729
"713","751176806",2509
"714","751176807",923
"715","751176808",1058
"716","751176809",863
"717","751176810",1012
"718","751176811",1035
"719","751176812",848
"720","751176813",980
"721","751176814",1374
"722","751176815",941
"723","751176816",926
"724","751176817",1315
"725","751186901",834
"726","751186902",780
"727","751186903",592
"728","751186904",1165
"729","751186905",1306
"730","751186906",886
"731","751186907",1048
"732","751186908",486
"733","751186909",553
"734","751186910",923
"735","751186911",488
"736","751186912",772
"737","751186913",726
"738","751186914",1024
"739","751186915",588
"740","751186916",1707
"741","751186917",771
"742","751186918",1318
"743","751186919",1368
"744","751186920",1620
"745","751186921",816
"746","751186922",984
"747","751186923",2059
"748","751186924",1199
"749","751186925",1008
"750","751186926",678
"751","751186927",1689
"752","751186928",1749
"753","751186929",410
"754","751187001",1236
"755","751187002",920
"756","751187003",839
"757","751187004",591
"758","751187005",677
"759","751187006",909
"760","751187007",809
"761","751187008",497
"762","751187009",883
"763","751187010",728
"764","751187011",566
"765","751187012",985
"766","751187013",842
"767","751187014",596
"768","751187015",707
"769","751187016",895
"770","751187017",1779
"771","751187018",1091
"772","751187019",1110
"773","751187020",948
"774","751187021",970
"775","751187022",937
"776","751187023",1128
"777","751187024",734
"778","751187025",935
"779","751187026",1042
"780","751187027",1420
"781","751187101",1292
"782","751187102",1318
"783","751187103",691
"784","751187104",996
"785","751187105",1019
"786","751187106",738
"787","751187107",1117
"788","751187108",920
"789","751187109",1080
"790","751187110",3813
"791","751187201",1842
"792","751187202",932
"793","751187203",1078
"794","751187204",828
"795","751187205",983
"796","751187206",1603
"797","751187207",939
"798","751187208",1885
"799","751187209",1405
"800","751197301",1751
"801","751197302",1029
"802","751197303",1282
"803","751197304",895
"804","751197305",842
"805","751197306",1329
"806","751197307",1268
"807","751197308",1362
"808","751197309",1490
"809","751197310",3300
"810","751197311",1137
"811","751197312",1268
"812","751197313",1844
"813","751197314",925
"814","751197315",1928
"815","751197316",1212
"816","751197317",883
"817","751197318",149
"818","751197401",1030
"819","751197402",1621
"820","751197403",727
"821","751197404",867
"822","751197405",794
"823","751197406",2105
"824","751197407",1038
"825","751197408",1223
"826","751197409",525
"827","751197410",1044
"828","751197411",629
"829","751197412",151
"830","751197413",940
"831","751197501",870
"832","751197502",1068
"833","751197503",702
"834","751197504",748
"835","751197505",874
"836","751197506",563
"837","751197507",708
"838","751197508",873
"839","751197509",1271
"840","751197510",1742
"841","751197511",771
"842","751197512",396
"843","751197513",799
"844","751197514",858
"845","751197515",843
"846","751197516",771
"847","751197517",1863
"848","751197518",1229
"849","751197519",869
"850","751197520",1850
"851","751197521",843
"852","751197522",1050
"853","751197523",568
"854","751197524",773
"855","751197525",128
"856","751197601",746
"857","751197602",1692
"858","751197603",1067
"859","751197604",826
"860","751197605",707
"861","751197606",536
"862","751197607",414
"863","751197608",949
"864","751197609",1136
"865","751197610",383
"866","751197611",875
"867","751197612",662
"868","751197613",960
"869","751197614",1249
"870","751197615",808
"871","751197616",460
"872","751207701",671
"873","751207702",862
"874","751207703",814
"875","751207704",920
"876","751207705",868
"877","751207706",750
"878","751207707",1113
"879","751207708",1068
"880","751207709",609
"881","751207710",883
"882","751207711",1125
"883","751207712",1044
"884","751207713",948
"885","751207714",1210
"886","751207801",1602
"887","751207802",1295
"888","751207803",584
"889","751207804",744
"890","751207805",1256
"891","751207806",1526
"892","751207807",976
"893","751207808",1140
"894","751207809",1543
"895","751207810",989
"896","751207811",1053
"897","751207812",1342
"898","751207813",963
"899","751207814",685
"900","751207815",1337
"901","751207816",1563
"902","751207901",1312
"903","751207902",1046
"904","751207903",836
"905","751207904",886
"906","751207905",1943
"907","751207906",756
"908","751207907",951
"909","751207908",879
"910","751207909",526
"911","751207910",1618
"912","751207911",759
"913","751207912",1249
"914","751207913",675
"915","751207914",877
"916","751207915",1042
"917","751207916",1620
"918","751207917",5
"919","751208001",963
"920","751208002",928
"921","751208003",891
"922","751208004",1161
"923","751208005",589
"924","751208006",1083
"925","751208007",1549
"926","751208008",917
"927","751208009",541
"928","751208010",840
"929","751208011",567
"930","751208012",936
"931","751208013",989
"932","751208014",917
"933","751208015",1065
"934","751208016",1240
"935","751208017",1125
"936","751208018",968
"937","751208019",3186
"938","751208020",903
"939","751208021",1181
"940","751208022",478
"941","751208023",713
"942","751208024",1801
"943","751208025",1199
"944","751208026",469
"945","ZZZZZZZZZ",1317792
"946","770140101",801
"947","770140102",1360
"948","770140103",1099
"949","770140104",1119
"950","770140105",810
"951","770370101",2909
"952","770370102",2866
"953","770530101",1424
"954","770530102",3278
"955","770530201",1892
"956","770580101",735
"957","770580102",1824
"958","770580103",529
"959","770580104",5775
"960","770580105",676
"961","770670101",3160
"962","770670102",3056
"963","770670103",3345
"964","770670199",180
"965","770790101",2601
"966","770790102",1689
"967","770790103",1827
"968","770830101",1400
"969","770830102",1675
"970","770830201",1592
"971","770830202",1561
"972","770830301",758
"973","770830302",637
"974","770830303",1358
"975","771080101",1484
"976","771080102",897
"977","771080201",1420
"978","771080301",976
"979","771080302",467
"980","771080303",910
"981","771080304",653
"982","771080401",2962
"983","771080501",2045
"984","771080502",1436
"985","771080503",743
"986","771080601",1559
"987","771080602",1264
"988","771080701",1340
"989","771080702",1275
"990","771080703",1356
"991","771180101",1171
"992","771180102",1180
"993","771180103",1138
"994","771180104",1254
"995","771220101",783
"996","771220102",1087
"997","771220201",1120
"998","771220202",606
"999","771220203",639
"1000","771220301",532
"1001","771220302",799
"1002","771220401",1047
"1003","771220402",642
"1004","771220403",508
"1005","771220404",453
"1006","771310101",1094
"1007","771310102",881
"1008","771310201",1115
"1009","771310202",708
"1010","771310301",1799
"1011","771390101",2694
"1012","771390102",3596
"1013","771520101",908
"1014","771520102",23
"1015","771520201",1147
"1016","771520202",309
"1017","771520203",511
"1018","771520204",933
"1019","771520205",12
"1020","771520301",1797
"1021","771520302",827
"1022","771520303",304
"1023","771520401",1775
"1024","771530101",5410
"1025","771530102",2573
"1026","771530103",2115
"1027","771690101",4002
"1028","771690102",3377
"1029","771710101",3892
"1030","771710102",2239
"1031","771830101",4110
"1032","771830102",5251
"1033","771860101",746
"1034","771860102",915
"1035","771860103",640
"1036","771860104",776
"1037","771860105",590
"1038","771860106",1148
"1039","771860107",788
"1040","771860108",45
"1041","772150101",3753
"1042","772150102",2256
"1043","772150103",2557
"1044","772430101",236
"1045","772430102",1542
"1046","772430103",1333
"1047","772430201",1222
"1048","772430202",1004
"1049","772430301",717
"1050","772430302",996
"1051","772430303",868
"1052","772490101",2805
"1053","772490102",2313
"1054","772490103",2005
"1055","772510104",363
"1056","772510105",428
"1057","772510106",3617
"1058","772580101",1119
"1059","772580102",1011
"1060","772580103",714
"1061","772580104",90
"1062","772580201",934
"1063","772580202",870
"1064","772840102",1030
"1065","772840103",1855
"1066","772840201",11
"1067","772840202",627
"1068","772840203",1212
"1069","772840204",706
"1070","772840301",620
"1071","772840302",636
"1072","772840401",475
"1073","772840402",1009
"1074","772840403",1016
"1075","772840501",509
"1076","772840502",1175
"1077","772840503",1004
"1078","772840504",450
"1079","772840602",377
"1080","772840603",1017
"1081","772840701",1651
"1082","772840702",1475
"1083","772840801",1084
"1084","772840802",774
"1085","772840901",1574
"1086","772840902",957
"1087","772850101",1074
"1088","772850102",1586
"1089","772850103",616
"1090","772850104",0
"1091","772850201",747
"1092","772850202",1424
"1093","772850203",864
"1094","772850204",705
"1095","772850301",553
"1096","772880101",574
"1097","772880102",1190
"1098","772880103",770
"1099","772880201",992
"1100","772880202",854
"1101","772880203",876
"1102","772880301",2099
"1103","772880401",2253
"1104","772880501",987
"1105","772880502",937
"1106","772880503",1051
"1107","772880601",619
"1108","772880602",1408
"1109","772880603",1277
"1110","772940101",1564
"1111","772940102",106
"1112","772940103",1433
"1113","772940201",766
"1114","772940202",1639
"1115","772940203",2148
"1116","772940301",277
"1117","772960101",1240
"1118","772960102",1088
"1119","772960103",1471
"1120","772960105",66
"1121","772960106",1782
"1122","772960107",1184
"1123","773050101",972
"1124","773050102",548
"1125","773050103",692
"1126","773050104",1724
"1127","773050105",1148
"1128","773050201",79
"1129","773050202",1285
"1130","773050203",1515
"1131","773160101",4172
"1132","773160102",3214
"1133","773160103",4751
"1134","773260101",1900
"1135","773260102",2221
"1136","773260103",1908
"1137","773270101",3469
"1138","773270102",2149
"1139","773270103",2964
"1140","773300101",3036
"1141","773300102",3084
"1142","773330101",1950
"1143","773330102",470
"1144","773330103",587
"1145","773330104",727
"1146","773330201",1250
"1147","773370101",796
"1148","773370201",731
"1149","773370202",781
"1150","773370203",892
"1151","773370204",524
"1152","773370205",1027
"1153","773370206",648
"1154","773490101",3063
"1155","773490102",3639
"1156","773500101",1593
"1157","773500201",1476
"1158","773500301",1290
"1159","773500302",553
"1160","773500303",456
"1161","773500401",958
"1162","773500402",702
"1163","773500501",627
"1164","773500601",66
"1165","773730101",2812
"1166","773730102",976
"1167","773730103",1187
"1168","773730201",1283
"1169","773730301",754
"1170","773730401",1175
"1171","773730402",1995
"1172","773730501",3
"1173","773730502",1473
"1174","773730503",1528
"1175","773730504",1649
"1176","773790101",721
"1177","773790102",604
"1178","773790103",1347
"1179","773790201",802
"1180","773790202",1068
"1181","773900101",2042
"1182","773900102",693
"1183","773900201",837
"1184","773900202",504
"1185","773900203",841
"1186","773900301",1130
"1187","773900302",1034
"1188","773900401",1413
"1189","773900501",63
"1190","774070101",452
"1191","774070102",867
"1192","774070103",1548
"1193","774070104",780
"1194","774070105",456
"1195","774070106",1236
"1196","774310101",2609
"1197","774310102",2680
"1198","774380101",1984
"1199","774380102",4178
"1200","774450101",836
"1201","774450102",780
"1202","774450201",2088
"1203","774450202",992
"1204","774450203",1526
"1205","774450301",1338
"1206","774450302",991
"1207","774450401",2789
"1208","774450402",186
"1209","774580101",2817
"1210","774580102",2457
"1211","774640101",4259
"1212","774640102",2204
"1213","774640103",3143
"1214","774680101",537
"1215","774680102",1254
"1216","774680103",1390
"1217","774680201",704
"1218","774680202",913
"1219","774680203",818
"1220","774680204",1125
"1221","774680205",1406
"1222","774680206",649
"1223","774680207",0
"1224","774700101",3020
"1225","774700102",1998
"1226","774700103",3348
"1227","774790101",1470
"1228","774790102",1348
"1229","774790103",847
"1230","774790104",635
"1231","774790105",793
"1232","774870101",562
"1233","774870102",1255
"1234","774870103",1735
"1235","774870104",1023
"1236","774950101",3149
"1237","774950102",2396
"1238","774950103",2049
"1239","775140101",1530
"1240","775140102",1008
"1241","775140103",933
"1242","775140104",1361
"1243","775140201",3123
"1244","775140301",2313
"1245","780050101",204
"1246","780050102",22
"1247","780050103",1454
"1248","780050104",714
"1249","780050105",1193
"1250","780050106",1007
"1251","780050107",697
"1252","780050108",885
"1253","780050109",1742
"1254","780150101",725
"1255","780150102",1058
"1256","780150103",695
"1257","780150104",1107
"1258","780150105",616
"1259","780150106",802
"1260","780290101",813
"1261","780290102",1040
"1262","780290103",600
"1263","780290104",661
"1264","780290105",767
"1265","780290106",583
"1266","780620101",2612
"1267","780620102",1949
"1268","780620103",2969
"1269","780730103",531
"1270","780730104",1088
"1271","780730105",849
"1272","780730106",616
"1273","780730107",1356
"1274","780730108",871
"1275","780920101",2010
"1276","780920102",2548
"1277","780920103",1916
"1278","780920104",2222
"1279","781170101",3482
"1280","781170102",2281
"1281","781230101",989
"1282","781230102",1379
"1283","781230103",1099
"1284","781230104",651
"1285","781230105",497
"1286","781230106",1011
"1287","781240101",866
"1288","781240102",774
"1289","781240103",997
"1290","781240104",1476
"1291","781240105",1223
"1292","781260101",705
"1293","781260102",655
"1294","781260103",594
"1295","781260104",649
"1296","781260105",774
"1297","781260106",718
"1298","781260107",1038
"1299","781260108",672
"1300","781260109",745
"1301","781260110",844
"1302","781260111",782
"1303","781330101",2725
"1304","781330102",2821
"1305","781380101",2452
"1306","781380102",2393
"1307","781380103",2245
"1308","781380104",1794
"1309","781380105",1383
"1310","781460101",1004
"1311","781460102",861
"1312","781460103",928
"1313","781460104",1076
"1314","781460105",950
"1315","781460106",1251
"1316","781460107",548
"1317","781460108",801
"1318","781460109",588
"1319","781460110",995
"1320","781460111",887
"1321","781460112",997
"1322","781460113",503
"1323","781580101",659
"1324","781580102",647
"1325","781580103",945
"1326","781580104",964
"1327","781580105",588
"1328","781580106",941
"1329","781580107",988
"1330","781580108",854
"1331","781580109",785
"1332","781580110",1214
"1333","781580111",837
"1334","781580112",604
"1335","781580113",875
"1336","781600101",2487
"1337","781600102",2988
"1338","781650101",1245
"1339","781650102",1198
"1340","781650103",771
"1341","781650104",1144
"1342","781650105",1305
"1343","781650106",1079
"1344","781720101",805
"1345","781720102",690
"1346","781720103",541
"1347","781720104",898
"1348","781720105",777
"1349","781720106",770
"1350","781720107",1082
"1351","781720108",919
"1352","781720109",1140
"1353","781720110",848
"1354","781720111",831
"1355","781720112",1988
"1356","781720113",619
"1357","781720114",1065
"1358","781720115",864
"1359","781900101",719
"1360","781900102",745
"1361","781900103",1465
"1362","781900104",770
"1363","782080101",1803
"1364","782080102",1449
"1365","782080103",1077
"1366","782080104",773
"1367","782080105",794
"1368","782080106",1008
"1369","782080107",878
"1370","782080108",1810
"1371","782170101",655
"1372","782170102",4080
"1373","782170103",1705
"1374","782200101",3813
"1375","782200102",2910
"1376","782420101",697
"1377","782420102",1634
"1378","782420103",550
"1379","782420104",803
"1380","782420105",1200
"1381","782420106",500
"1382","782670101",2376
"1383","782670102",2690
"1384","782670103",1913
"1385","782970101",1499
"1386","782970102",627
"1387","782970103",2061
"1388","782970104",1299
"1389","782970105",1076
"1390","782970106",971
"1391","782970107",1134
"1392","782970108",2111
"1393","782970109",3
"1394","783110101",860
"1395","783110102",808
"1396","783110103",830
"1397","783110201",857
"1398","783110202",796
"1399","783110203",700
"1400","783110301",853
"1401","783110302",1053
"1402","783110303",1535
"1403","783110401",720
"1404","783110402",683
"1405","783110403",832
"1406","783110501",810
"1407","783110502",1365
"1408","783220101",2056
"1409","783220102",2697
"1410","783220103",450
"1411","783220104",1668
"1412","783350101",1686
"1413","783350102",1036
"1414","783350103",1298
"1415","783350104",1058
"1416","783350105",1507
"1417","783350106",72
"1418","783500101",2460
"1419","783500102",2066
"1420","783500103",2251
"1421","783540101",1872
"1422","783540102",1813
"1423","783540103",1885
"1424","783560101",3684
"1425","783560102",1888
"1426","783560103",1868
"1427","783560104",1780
"1428","783580101",957
"1429","783580102",882
"1430","783580103",1067
"1431","783580104",887
"1432","783580105",1372
"1433","783580106",821
"1434","783580107",822
"1435","783580108",1259
"1436","783580109",702
"1437","783580110",135
"1438","783610101",581
"1439","783610102",431
"1440","783610103",1214
"1441","783610104",987
"1442","783610105",120
"1443","783610106",293
"1444","783610107",334
"1445","783610108",661
"1446","783610109",450
"1447","783610110",922
"1448","783610111",1121
"1449","783610112",864
"1450","783610113",620
"1451","783610114",1069
"1452","783610115",1145
"1453","783610116",1119
"1454","783610117",1315
"1455","783610118",1251
"1456","783610119",1003
"1457","783610120",1209
"1458","783620101",1108
"1459","783620102",1229
"1460","783620103",1048
"1461","783620104",583
"1462","783620105",842
"1463","783620106",513
"1464","783620107",1190
"1465","783620108",904
"1466","783720101",1107
"1467","783720102",669
"1468","783720103",956
"1469","783720104",680
"1470","783720105",1181
"1471","783720106",769
"1472","783720107",879
"1473","783720108",24
"1474","783800101",3216
"1475","783800102",2483
"1476","783830101",988
"1477","783830102",803
"1478","783830103",732
"1479","783830104",1265
"1480","783830105",936
"1481","783830106",834
"1482","783830107",694
"1483","783830108",892
"1484","783830109",12
"1485","783960101",1822
"1486","783960102",2273
"1487","783960103",2016
"1488","783970101",2302
"1489","783970102",2312
"1490","783970103",2088
"1491","784010101",2167
"1492","784010102",1744
"1493","784010103",2131
"1494","784010104",2701
"1495","784180101",1130
"1496","784180102",900
"1497","784180103",777
"1498","784180104",942
"1499","784180105",1322
"1500","784180106",792
"1501","784230101",473
"1502","784230102",1126
"1503","784230103",1445
"1504","784230104",814
"1505","784230105",641
"1506","784230106",757
"1507","784230107",320
"1508","784230108",644
"1509","784230109",1601
"1510","784230110",1225
"1511","784230111",576
"1512","784230112",647
"1513","784230113",709
"1514","784230114",651
"1515","784230115",605
"1516","784230116",547
"1517","784400101",1796
"1518","784400102",1728
"1519","784400103",736
"1520","784400104",783
"1521","784400105",378
"1522","784400106",1633
"1523","784400107",1350
"1524","784400108",719
"1525","784400109",361
"1526","784400110",400
"1527","784400111",1005
"1528","784400112",1538
"1529","784550101",2554
"1530","784550102",1972
"1531","784550103",2988
"1532","784810101",1210
"1533","784810102",580
"1534","784810103",539
"1535","784810104",853
"1536","784810105",955
"1537","784810106",768
"1538","784810107",843
"1539","784810108",516
"1540","784860101",2735
"1541","784860102",4041
"1542","784900101",1005
"1543","784900102",892
"1544","784900103",638
"1545","784900104",1165
"1546","784900105",1347
"1547","784900106",621
"1548","784900107",625
"1549","784900108",836
"1550","784900109",1222
"1551","784900110",979
"1552","784900111",964
"1553","784900112",1412
"1554","784980101",984
"1555","784980102",887
"1556","784980103",1509
"1557","784980104",613
"1558","784980105",1016
"1559","784980106",902
"1560","784980107",818
"1561","784980108",1194
"1562","784980109",895
"1563","784980110",854
"1564","784980111",967
"1565","784980112",734
"1566","784980113",784
"1567","784980114",550
"1568","784980115",591
"1569","784980116",112
"1570","784980117",645
"1571","785170101",1184
"1572","785170102",1086
"1573","785170103",968
"1574","785170104",1120
"1575","785170105",509
"1576","785170106",841
"1577","785170107",1030
"1578","785170108",1319
"1579","785170109",1090
"1580","785170110",716
"1581","785370101",3269
"1582","785370102",2808
"1583","785450101",970
"1584","785450102",692
"1585","785450103",1288
"1586","785450104",736
"1587","785450105",1424
"1588","785450106",805
"1589","785450107",817
"1590","785510101",833
"1591","785510102",817
"1592","785510103",815
"1593","785510104",633
"1594","785510105",1008
"1595","785510106",530
"1596","785510107",647
"1597","785510108",657
"1598","785510109",1460
"1599","785510110",744
"1600","785510111",844
"1601","785510112",1204
"1602","785510113",953
"1603","785510114",952
"1604","785510115",833
"1605","785510116",810
"1606","785510117",660
"1607","785510118",485
"1608","785510119",844
"1609","785710101",1473
"1610","785710102",3499
"1611","785750101",2140
"1612","785750102",3382
"1613","785750103",1894
"1614","785860101",939
"1615","785860102",673
"1616","785860201",730
"1617","785860202",965
"1618","785860203",745
"1619","785860301",643
"1620","785860302",725
"1621","785860401",1217
"1622","785860501",1168
"1623","785860502",1726
"1624","785860601",682
"1625","785860701",756
"1626","785860702",626
"1627","785860703",560
"1628","785860801",924
"1629","785860802",1288
"1630","785860901",956
"1631","785861001",1031
"1632","785861101",634
"1633","785861102",789
"1634","785861201",1717
"1635","785861301",23
"1636","786210101",798
"1637","786210102",1709
"1638","786210103",1246
"1639","786210104",598
"1640","786210105",770
"1641","786210106",785
"1642","786210107",919
"1643","786210108",673
"1644","786210109",990
"1645","786210110",1968
"1646","786210111",1075
"1647","786210112",636
"1648","786240101",1583
"1649","786240102",859
"1650","786240103",1924
"1651","786400102",632
"1652","786400103",620
"1653","786400104",530
"1654","786400105",513
"1655","786400106",760
"1656","786400107",512
"1657","786400108",728
"1658","786400109",450
"1659","786400110",735
"1660","786400111",2190
"1661","786420101",923
"1662","786420102",1706
"1663","786420103",1291
"1664","786420104",890
"1665","786420105",1100
"1666","786430101",2414
"1667","786430102",1955
"1668","786430103",2507
"1669","786430104",2705
"1670","786440101",2049
"1671","786440102",1573
"1672","786440103",1912
"1673","786460101",667
"1674","786460102",758
"1675","786460103",707
"1676","786460201",1219
"1677","786460202",899
"1678","786460203",964
"1679","786460204",686
"1680","786460205",511
"1681","786460206",902
"1682","786460207",676
"1683","786460301",1012
"1684","786460302",803
"1685","786460303",1603
"1686","786460304",1453
"1687","786460305",1176
"1688","786460306",1036
"1689","786460307",1342
"1690","786460401",714
"1691","786460402",824
"1692","786460403",640
"1693","786460404",1161
"1694","786460405",947
"1695","786460406",638
"1696","786460407",620
"1697","786460501",1139
"1698","786460502",743
"1699","786460503",646
"1700","786460504",1216
"1701","786460505",1242
"1702","786460506",639
"1703","786460601",685
"1704","786460602",656
"1705","786460603",697
"1706","786460604",802
"1707","786460605",675
"1708","786460606",1351
"1709","786500101",1061
"1710","786500102",1220
"1711","786500103",1058
"1712","786500104",1189
"1713","786500105",1462
"1714","786740101",3204
"1715","786740102",2236
"1716","786740103",2732
"1717","786740104",1709
"1718","786860101",8
"1719","786860102",754
"1720","786860103",764
"1721","786860104",617
"1722","786860105",1456
"1723","786860106",754
"1724","786860107",923
"1725","786860108",731
"1726","786880101",838
"1727","786880102",881
"1728","786880103",809
"1729","786880104",637
"1730","786880105",1172
"1731","910210101",960
"1732","910210102",1028
"1733","910210103",1188
"1734","910210104",650
"1735","910270101",625
"1736","910270102",1053
"1737","910270103",1003
"1738","910270104",1177
"1739","910270105",1141
"1740","910270106",743
"1741","910270107",953
"1742","910270108",1409
"1743","910270109",392
"1744","910270110",1222
"1745","910270111",1382
"1746","910270112",619
"1747","910270113",697
"1748","910270114",9
"1749","910860101",2774
"1750","910860102",2159
"1751","910860103",2020
"1752","910860104",1723
"1753","910860105",135
"1754","910860106",3
"1755","910860107",8
"1756","911030101",536
"1757","911030102",2419
"1758","911030103",1098
"1759","911030104",2982
"1760","911030105",1270
"1761","911030106",666
"1762","911030107",795
"1763","911050101",4013
"1764","911050102",1741
"1765","911050103",2521
"1766","911140101",2150
"1767","911140102",2395
"1768","911140103",2150
"1769","911140104",1530
"1770","911140105",2002
"1771","911220101",2210
"1772","911220102",1783
"1773","911220103",2440
"1774","911220104",2582
"1775","911610101",673
"1776","911610102",2212
"1777","911610103",700
"1778","911610104",1109
"1779","911610105",91
"1780","911610106",720
"1781","911610107",1028
"1782","911610108",1374
"1783","911740101",544
"1784","911740102",399
"1785","911740201",1269
"1786","911740202",1808
"1787","911740203",938
"1788","911740301",3407
"1789","911740302",742
"1790","911740401",826
"1791","911740402",734
"1792","911740501",744
"1793","911740502",1295
"1794","911740503",867
"1795","911740601",685
"1796","911740602",611
"1797","911740701",1413
"1798","911740702",385
"1799","911740801",3663
"1800","911820101",1042
"1801","911820102",1260
"1802","911820103",1117
"1803","911820104",747
"1804","911820105",1065
"1805","911820106",3
"1806","911820107",41
"1807","911910101",1792
"1808","911910102",2145
"1809","911910103",2568
"1810","911910104",2506
"1811","912000101",2986
"1812","912000102",2014
"1813","912000103",2331
"1814","912000104",1843
"1815","912010101",1161
"1816","912010102",698
"1817","912010103",1219
"1818","912010104",859
"1819","912010105",1271
"1820","912010106",755
"1821","912010107",906
"1822","912010108",903
"1823","912010109",1244
"1824","912010110",1034
"1825","912010111",979
"1826","912150101",799
"1827","912150102",746
"1828","912150103",2490
"1829","912150104",934
"1830","912160101",618
"1831","912160102",645
"1832","912160103",756
"1833","912160104",949
"1834","912160105",1024
"1835","912230101",920
"1836","912230102",812
"1837","912230103",1291
"1838","912230104",1493
"1839","912230105",636
"1840","912230106",699
"1841","912230107",2229
"1842","912230108",858
"1843","912230109",670
"1844","912280101",986
"1845","912280102",975
"1846","912280103",1268
"1847","912280104",1570
"1848","912280105",656
"1849","912280106",2207
"1850","912280107",1222
"1851","912280108",824
"1852","912280109",684
"1853","912280110",835
"1854","912280111",456
"1855","912280112",807
"1856","912280113",913
"1857","912280114",805
"1858","912280115",674
"1859","912280116",932
"1860","912280117",961
"1861","912280118",945
"1862","912280119",856
"1863","912280120",419
"1864","912280121",10
"1865","912350101",1502
"1866","912350102",1633
"1867","912350103",5232
"1868","912720101",1063
"1869","912720102",995
"1870","912720103",888
"1871","912720104",591
"1872","912720105",1064
"1873","912720106",723
"1874","912720107",923
"1875","912720108",591
"1876","912720109",440
"1877","912720110",219
"1878","912860101",55
"1879","912860102",1347
"1880","912860103",1179
"1881","912860104",1274
"1882","912860105",2373
"1883","912860106",1120
"1884","912860107",892
"1885","912860108",509
"1886","912860109",1903
"1887","913120101",861
"1888","913120102",579
"1889","913120103",1160
"1890","913120104",1199
"1891","913260101",2412
"1892","913260102",789
"1893","913260103",795
"1894","913260201",786
"1895","913260202",1689
"1896","913400101",2713
"1897","913400102",1627
"1898","913400103",1792
"1899","913400104",168
"1900","913400105",1
"1901","913400106",143
"1902","913400107",807
"1903","913450101",1603
"1904","913450102",1137
"1905","913450103",859
"1906","913450104",1131
"1907","913450105",987
"1908","913450106",709
"1909","913450107",1074
"1910","913450108",950
"1911","913630101",2114
"1912","913630102",3287
"1913","913630103",2459
"1914","913770101",411
"1915","913770102",665
"1916","913770103",1538
"1917","913770104",1756
"1918","913770105",1240
"1919","913770106",1026
"1920","913770107",513
"1921","913770108",916
"1922","913770109",1016
"1923","913770110",1152
"1924","913770111",836
"1925","913770113",1040
"1926","913770114",7045
"1927","913860101",1849
"1928","913860102",1185
"1929","913860103",936
"1930","913860104",552
"1931","913860105",785
"1932","914210101",1486
"1933","914210102",471
"1934","914210103",697
"1935","914210104",769
"1936","914210105",764
"1937","914210106",1017
"1938","914210107",903
"1939","914210108",1307
"1940","914210109",767
"1941","914210110",1022
"1942","914320101",1957
"1943","914320102",833
"1944","914320103",1179
"1945","914320104",1419
"1946","914340101",1001
"1947","914340102",815
"1948","914340103",1278
"1949","914340104",836
"1950","914340105",1294
"1951","914340106",1159
"1952","914340107",804
"1953","914340108",1046
"1954","914710101",891
"1955","914710102",763
"1956","914710103",1232
"1957","914710104",855
"1958","914710105",1536
"1959","914710106",749
"1960","914770101",704
"1961","914770102",1448
"1962","914770103",1117
"1963","914770104",1473
"1964","914770105",1221
"1965","914770106",757
"1966","914770107",2795
"1967","914770108",1155
"1968","914770109",1314
"1969","914790101",2281
"1970","914790102",2315
"1971","914790103",2757
"1972","915210101",607
"1973","915210102",1426
"1974","915210103",630
"1975","915210104",680
"1976","915210105",937
"1977","915210106",724
"1978","915210107",789
"1979","915210108",991
"1980","915210109",1036
"1981","915210110",2649
"1982","915210111",550
"1983","915210112",163
"1984","915490101",1006
"1985","915490102",754
"1986","915490103",853
"1987","915490104",876
"1988","915490105",782
"1989","915490106",1084
"1990","915490107",827
"1991","915490108",673
"1992","915490109",875
"1993","915490110",1279
"1994","915490112",1427
"1995","915490113",1873
"1996","915490114",980
"1997","915490115",579
"1998","915520101",3294
"1999","915520102",2420
"2000","915520103",2669
"2001","915520104",1864
"2002","915530101",2831
"2003","915530102",2590
"2004","915530103",2008
"2005","915700101",1014
"2006","915700102",883
"2007","915700103",777
"2008","915700104",1151
"2009","915700105",1217
"2010","915700106",548
"2011","915700107",1286
"2012","915700108",857
"2013","915890101",1073
"2014","915890102",913
"2015","915890103",1025
"2016","915890104",1060
"2017","915890105",1033
"2018","915890106",983
"2019","915890107",780
"2020","915890108",742
"2021","915890109",903
"2022","915890110",797
"2023","915890111",870
"2024","915890112",902
"2025","915890113",401
"2026","915890114",718
"2027","915890115",798
"2028","915890116",933
"2029","916000101",2178
"2030","916000102",2344
"2031","916000103",2435
"2032","916450101",737
"2033","916450102",1068
"2034","916450103",734
"2035","916450104",957
"2036","916450105",530
"2037","916450106",811
"2038","916450107",559
"2039","916450108",223
"2040","916450109",202
"2041","916570101",689
"2042","916570102",910
"2043","916570103",1501
"2044","916570104",1550
"2045","916570105",819
"2046","916570106",2288
"2047","916570107",996
"2048","916570108",399
"2049","916570109",916
"2050","916570110",1977
"2051","916610101",3323
"2052","916610102",3075
"2053","916610103",3937
"2054","916870101",735
"2055","916870102",1307
"2056","916870103",745
"2057","916870104",1189
"2058","916870105",994
"2059","916870106",796
"2060","916870107",1082
"2061","916870108",1048
"2062","916870109",1231
"2063","916870110",480
"2064","916870111",1287
"2065","916870112",789
"2066","916910101",1511
"2067","916910102",1522
"2068","916910103",1321
"2069","916910104",1826
"2070","916910105",1905
"2071","916910106",1468
"2072","916910107",1587
"2073","916920101",1196
"2074","916920102",1932
"2075","916920103",1490
"2076","916920104",1005
"2077","916920105",897
"2078","916920106",739
"2079","916920107",1743
"2080","916920108",491
"2081","920020101",386
"2082","920020102",388
"2083","920020103",482
"2084","920020104",985
"2085","920020105",808
"2086","920020106",723
"2087","920020107",792
"2088","920020201",839
"2089","920020202",1420
"2090","920020203",1202
"2091","920020204",893
"2092","920020205",806
"2093","920020301",1263
"2094","920020302",2032
"2095","920020303",801
"2096","920020304",813
"2097","920020305",634
"2098","920020306",909
"2099","920020307",539
"2100","920020308",516
"2101","920020401",858
"2102","920020402",1128
"2103","920020403",701
"2104","920020404",698
"2105","920020405",1210
"2106","920020406",605
"2107","920020407",715
"2108","920040101",982
"2109","920040102",863
"2110","920040103",1020
"2111","920040104",550
"2112","920040105",628
"2113","920040201",975
"2114","920040202",935
"2115","920040203",986
"2116","920040301",1066
"2117","920040302",1600
"2118","920040303",881
"2119","920040304",912
"2120","920040305",859
"2121","920040401",1057
"2122","920040402",1035
"2123","920040403",820
"2124","920040404",997
"2125","920040501",1010
"2126","920040502",2265
"2127","920040503",987
"2128","920040504",1402
"2129","920040601",1306
"2130","920040602",1071
"2131","920040603",1042
"2132","920040604",1483
"2133","920040701",422
"2134","920040702",906
"2135","920040703",768
"2136","920040704",1533
"2137","920040705",872
"2138","920040706",571
"2139","920040707",1484
"2140","920070101",1037
"2141","920070102",1013
"2142","920070103",546
"2143","920070104",934
"2144","920070105",1068
"2145","920070106",785
"2146","920070107",703
"2147","920070108",915
"2148","920070109",993
"2149","920070110",635
"2150","920070111",1044
"2151","920070112",1070
"2152","920070113",885
"2153","920070114",636
"2154","920070115",992
"2155","920070116",931
"2156","920070117",630
"2157","920090101",778
"2158","920090102",630
"2159","920090103",936
"2160","920090104",661
"2161","920090105",930
"2162","920090106",941
"2163","920090107",793
"2164","920090108",682
"2165","920090109",633
"2166","920090110",967
"2167","920090111",754
"2168","920090112",1931
"2169","920120101",811
"2170","920120102",591
"2171","920120103",857
"2172","920120105",1088
"2173","920120106",1315
"2174","920120107",1390
"2175","920120201",747
"2176","920120202",939
"2177","920120203",839
"2178","920120204",877
"2179","920120205",966
"2180","920120206",1698
"2181","920120207",1023
"2182","920120208",1349
"2183","920120301",1113
"2184","920120302",1414
"2185","920120303",5460
"2186","920120304",622
"2187","920120305",963
"2188","920120401",968
"2189","920120402",612
"2190","920120403",1039
"2191","920120404",922
"2192","920120405",885
"2193","920120406",1559
"2194","920120501",824
"2195","920120502",1293
"2196","920120503",1176
"2197","920120504",1220
"2198","920120505",862
"2199","920120506",884
"2200","920120601",1295
"2201","920120602",896
"2202","920120603",1738
"2203","920120604",922
"2204","920120701",759
"2205","920120702",810
"2206","920120703",532
"2207","920120704",779
"2208","920120705",568
"2209","920120706",555
"2210","920120707",702
"2211","920140101",552
"2212","920140102",676
"2213","920140103",1063
"2214","920140104",1469
"2215","920140105",929
"2216","920140106",1293
"2217","920140107",733
"2218","920140108",1336
"2219","920190101",601
"2220","920190102",697
"2221","920190103",474
"2222","920190104",1493
"2223","920190105",667
"2224","920190106",725
"2225","920190107",905
"2226","920190108",698
"2227","920190109",1370
"2228","920190110",1017
"2229","920190111",1015
"2230","920190112",948
"2231","920190113",1012
"2232","920190114",463
"2233","920200101",1508
"2234","920200102",1332
"2235","920200103",717
"2236","920200104",923
"2237","920200105",943
"2238","920200106",1214
"2239","920200107",2617
"2240","920200108",959
"2241","920200109",1324
"2242","920200111",895
"2243","920200112",1448
"2244","920220101",931
"2245","920220102",827
"2246","920220103",607
"2247","920220104",836
"2248","920220105",1272
"2249","920220106",1151
"2250","920220107",709
"2251","920220108",511
"2252","920220109",477
"2253","920230101",633
"2254","920230102",1214
"2255","920230103",1017
"2256","920230104",1399
"2257","920230105",1164
"2258","920230201",843
"2259","920230202",1056
"2260","920230203",842
"2261","920230301",764
"2262","920230302",719
"2263","920230303",825
"2264","920230304",984
"2265","920230401",1037
"2266","920230402",1789
"2267","920230501",1325
"2268","920230502",945
"2269","920230503",747
"2270","920230504",847
"2271","920230505",882
"2272","920230506",645
"2273","920230507",621
"2274","920240101",939
"2275","920240102",765
"2276","920240103",1038
"2277","920240104",1333
"2278","920240201",1184
"2279","920240202",636
"2280","920240203",902
"2281","920240301",1461
"2282","920240302",517
"2283","920240303",897
"2284","920240304",1558
"2285","920240401",1665
"2286","920240402",687
"2287","920240403",667
"2288","920240404",1257
"2289","920240405",1180
"2290","920240501",747
"2291","920240502",1010
"2292","920240503",1146
"2293","920240504",1296
"2294","920240601",1482
"2295","920240602",1020
"2296","920250101",746
"2297","920250102",948
"2298","920250103",751
"2299","920250104",817
"2300","920250105",692
"2301","920250106",754
"2302","920250107",782
"2303","920250108",754
"2304","920250109",1365
"2305","920250110",621
"2306","920250111",905
"2307","920250113",906
"2308","920250201",2077
"2309","920250202",1737
"2310","920250203",2401
"2311","920250204",793
"2312","920250205",973
"2313","920250206",748
"2314","920250207",610
"2315","920250208",1412
"2316","920250209",703
"2317","920250210",1157
"2318","920250211",414
"2319","920250212",820
"2320","920250301",1488
"2321","920250302",1238
"2322","920250303",660
"2323","920250304",947
"2324","920250305",948
"2325","920250306",658
"2326","920250401",1108
"2327","920250402",1486
"2328","920250403",1374
"2329","920260101",827
"2330","920260102",1026
"2331","920260103",1270
"2332","920260201",1264
"2333","920260202",992
"2334","920260203",1424
"2335","920260204",564
"2336","920260301",562
"2337","920260302",599
"2338","920260303",856
"2339","920260304",749
"2340","920260305",779
"2341","920260402",1177
"2342","920260403",724
"2343","920260404",1890
"2344","920260405",1247
"2345","920260406",1568
"2346","920260501",817
"2347","920260502",848
"2348","920260503",1387
"2349","920260504",788
"2350","920260505",1357
"2351","920260506",640
"2352","920260601",889
"2353","920260602",1368
"2354","920260603",663
"2355","920260701",870
"2356","920260702",857
"2357","920260703",950
"2358","920260704",1492
"2359","920260705",416
"2360","920320101",822
"2361","920320102",1038
"2362","920320103",692
"2363","920320104",728
"2364","920320105",874
"2365","920320106",714
"2366","920320107",764
"2367","920320108",906
"2368","920320109",793
"2369","920320110",690
"2370","920320111",644
"2371","920330101",1968
"2372","920330102",1021
"2373","920330103",668
"2374","920330104",636
"2375","920330105",601
"2376","920330106",613
"2377","920330107",772
"2378","920330108",626
"2379","920350101",1796
"2380","920350102",928
"2381","920350103",807
"2382","920350104",989
"2383","920350105",803
"2384","920350106",652
"2385","920350108",1067
"2386","920350109",934
"2387","920350110",1162
"2388","920350111",1422
"2389","920350112",528
"2390","920360101",1384
"2391","920360102",337
"2392","920360103",363
"2393","920360104",1416
"2394","920360201",876
"2395","920360202",671
"2396","920360203",806
"2397","920360204",480
"2398","920360301",1171
"2399","920360302",774
"2400","920360303",783
"2401","920360401",152
"2402","920360402",945
"2403","920360403",1239
"2404","920360404",143
"2405","920360501",2251
"2406","920360502",1886
"2407","920360503",1345
"2408","920360504",676
"2409","920400101",1224
"2410","920400102",887
"2411","920400103",1362
"2412","920400201",991
"2413","920400202",334
"2414","920400203",925
"2415","920400204",1057
"2416","920400301",1491
"2417","920400401",1364
"2418","920400402",4161
"2419","920400403",788
"2420","920400404",2271
"2421","920400501",649
"2422","920400502",1471
"2423","920400504",2460
"2424","920400505",1937
"2425","920400601",1734
"2426","920400701",788
"2427","920440103",1184
"2428","920440104",1013
"2429","920440105",1047
"2430","920440106",1194
"2431","920440107",910
"2432","920440108",569
"2433","920440109",1013
"2434","920440110",1033
"2435","920440111",1114
"2436","920440112",998
"2437","920440113",1334
"2438","920440114",1245
"2439","920440115",1292
"2440","920440116",1086
"2441","920440117",786
"2442","920440118",1318
"2443","920440119",952
"2444","920440120",1114
"2445","920440121",1365
"2446","920440122",1273
"2447","920440123",1137
"2448","920440124",1075
"2449","920440125",996
"2450","920440126",670
"2451","920460101",1191
"2452","920460102",1274
"2453","920460103",936
"2454","920460104",1389
"2455","920460105",1209
"2456","920460106",1255
"2457","920460107",1541
"2458","920460108",624
"2459","920460109",824
"2460","920460110",1328
"2461","920460111",588
"2462","920480101",889
"2463","920480102",632
"2464","920480103",724
"2465","920480104",891
"2466","920480105",738
"2467","920480106",1243
"2468","920480107",57
"2469","920480201",1075
"2470","920480202",900
"2471","920480203",1841
"2472","920480204",989
"2473","920480205",976
"2474","920480206",742
"2475","920480207",552
"2476","920480208",695
"2477","920480209",1405
"2478","920480210",1143
"2479","920480211",767
"2480","920480212",1353
"2481","920490101",709
"2482","920490102",918
"2483","920490103",1325
"2484","920490104",793
"2485","920490105",786
"2486","920490106",1348
"2487","920490107",684
"2488","920490108",1210
"2489","920490109",1219
"2490","920490110",1684
"2491","920490111",1170
"2492","920490112",855
"2493","920490113",1044
"2494","920490114",1222
"2495","920490115",905
"2496","920490116",1371
"2497","920490117",1387
"2498","920500101",602
"2499","920500102",1135
"2500","920500103",1047
"2501","920500203",478
"2502","920500204",505
"2503","920500205",510
"2504","920500206",1270
"2505","920500301",2007
"2506","920500302",725
"2507","920500303",472
"2508","920500401",595
"2509","920500403",697
"2510","920500406",787
"2511","920500407",353
"2512","920500408",1044
"2513","920500501",879
"2514","920500502",1987
"2515","920500503",304
"2516","920500504",479
"2517","920500505",2408
"2518","920500508",600
"2519","920500509",1428
"2520","920500510",684
"2521","920500511",1709
"2522","920500601",643
"2523","920500602",855
"2524","920500605",1254
"2525","920500606",769
"2526","920500607",98
"2527","920500701",308
"2528","920500702",654
"2529","920500703",999
"2530","920500704",246
"2531","920500801",2210
"2532","920500802",2049
"2533","920500803",1380
"2534","920500804",1511
"2535","920500805",811
"2536","920510101",962
"2537","920510102",745
"2538","920510103",1320
"2539","920510104",798
"2540","920510201",833
"2541","920510202",607
"2542","920510301",747
"2543","920510302",781
"2544","920510303",549
"2545","920510304",1097
"2546","920510305",831
"2547","920510306",955
"2548","920510307",939
"2549","920510308",760
"2550","920510309",877
"2551","920510401",837
"2552","920510402",897
"2553","920510403",573
"2554","920510404",628
"2555","920510405",1067
"2556","920510406",826
"2557","920510407",876
"2558","920510408",1085
"2559","920510409",950
"2560","920510410",908
"2561","920510411",880
"2562","920600101",1275
"2563","920600102",1175
"2564","920600104",1118
"2565","920600105",947
"2566","920600106",1812
"2567","920600107",1547
"2568","920600108",969
"2569","920600109",1843
"2570","920600110",689
"2571","920620101",1015
"2572","920620102",1079
"2573","920620103",1104
"2574","920620201",878
"2575","920620202",853
"2576","920620203",933
"2577","920620204",673
"2578","920620205",1478
"2579","920620301",855
"2580","920620302",612
"2581","920620303",823
"2582","920620304",1159
"2583","920620305",751
"2584","920620306",1432
"2585","920620401",669
"2586","920620402",805
"2587","920620403",1080
"2588","920620404",943
"2589","920630101",1075
"2590","920630102",858
"2591","920630103",643
"2592","920630104",978
"2593","920630105",1244
"2594","920630106",985
"2595","920630201",1002
"2596","920630202",923
"2597","920630301",1095
"2598","920630302",890
"2599","920630401",693
"2600","920630501",917
"2601","920630502",1159
"2602","920630503",905
"2603","920630504",756
"2604","920630601",1007
"2605","920630602",886
"2606","920630603",921
"2607","920630701",819
"2608","920630702",1590
"2609","920630703",844
"2610","920630704",877
"2611","920630705",1091
"2612","920630706",676
"2613","920630707",589
"2614","920630801",707
"2615","920630802",1084
"2616","920630803",944
"2617","920630804",984
"2618","920630805",959
"2619","920630806",1218
"2620","920640101",1031
"2621","920640102",1003
"2622","920640103",836
"2623","920640104",819
"2624","920640105",874
"2625","920640106",1101
"2626","920640107",931
"2627","920640108",1006
"2628","920640109",606
"2629","920640110",1173
"2630","920640111",743
"2631","920640112",871
"2632","920710101",1051
"2633","920710102",1154
"2634","920710103",949
"2635","920710104",845
"2636","920710105",1051
"2637","920710106",631
"2638","920710107",941
"2639","920710108",775
"2640","920720101",526
"2641","920720102",590
"2642","920720103",813
"2643","920720104",1341
"2644","920720105",883
"2645","920720106",1196
"2646","920720107",874
"2647","920720108",1008
"2648","920720109",733
"2649","920720110",960
"2650","920730101",2865
"2651","920730102",1705
"2652","920730103",872
"2653","920730104",954
"2654","920730105",540
"2655","920730106",1102
"2656","920730108",2138
"2657","920730109",550
"2658","920730110",725
"2659","920730111",674
"2660","920730112",1036
"2661","920730113",1871
"2662","920730114",1788
"2663","920730115",578
"2664","920730116",1637
"2665","920750101",636
"2666","920750102",849
"2667","920750103",975
"2668","920750104",1383
"2669","920750105",866
"2670","920750106",1150
"2671","920750107",966
"2672","920750108",900
"2673","920750109",1198
"2674","920750110",803
"2675","920750111",783
"2676","920760101",1852
"2677","920760102",1764
"2678","920760103",2163
"2679","920760104",2718
"2680","920770102",672
"2681","920770103",1050
"2682","920770104",1457
"2683","920770105",683
"2684","920770106",801
"2685","920780101",612
"2686","920780102",1332
"2687","920780103",1139
"2688","920780104",1129
"2689","920780105",1097
"2690","920780106",781
"2691","920780107",620
"2692","920780108",539
"2693","920780109",380
"2694","920780110",1523
"2695","930010101",2125
"2696","930010201",600
"2697","930010202",977
"2698","930010302",1337
"2699","930010303",604
"2700","930010304",546
"2701","930010401",2317
"2702","930010402",1232
"2703","930010501",616
"2704","930010502",1144
"2705","930010503",1709
"2706","930010601",698
"2707","930010602",865
"2708","930010603",576
"2709","930010701",947
"2710","930010801",1690
"2711","930010802",1698
"2712","930010901",1305
"2713","930010902",1932
"2714","930010903",905
"2715","930011001",912
"2716","930011002",1014
"2717","930011101",1237
"2718","930011102",1880
"2719","930011201",1725
"2720","930011202",766
"2721","930011203",639
"2722","930050101",788
"2723","930050102",819
"2724","930050103",759
"2725","930050201",85
"2726","930050202",1073
"2727","930050203",937
"2728","930050204",1709
"2729","930050206",1698
"2730","930050207",559
"2731","930050208",487
"2732","930050209",736
"2733","930050301",676
"2734","930050302",823
"2735","930050303",639
"2736","930050304",698
"2737","930050401",1272
"2738","930050402",921
"2739","930050403",806
"2740","930050501",636
"2741","930050502",754
"2742","930050503",808
"2743","930050601",1133
"2744","930050602",967
"2745","930050603",677
"2746","930050604",984
"2747","930050701",429
"2748","930050702",701
"2749","930050703",1200
"2750","930050801",1289
"2751","930050802",2088
"2752","930050803",778
"2753","930050804",610
"2754","930050805",756
"2755","930050901",721
"2756","930050902",1187
"2757","930050903",991
"2758","930060101",789
"2759","930060102",750
"2760","930060103",649
"2761","930060104",1360
"2762","930060105",1967
"2763","930060106",761
"2764","930060107",1089
"2765","930060108",699
"2766","930060109",191
"2767","930060110",643
"2768","930060111",615
"2769","930060112",740
"2770","930060113",773
"2771","930060114",1046
"2772","930060115",823
"2773","930060116",1111
"2774","930070101",602
"2775","930070102",297
"2776","930070103",584
"2777","930070104",1073
"2778","930070105",1326
"2779","930070106",473
"2780","930070107",1080
"2781","930070108",737
"2782","930070109",820
"2783","930070110",1265
"2784","930070111",1389
"2785","930070112",1554
"2786","930070113",1350
"2787","930070114",1370
"2788","930070115",518
"2789","930070116",949
"2790","930070117",1123
"2791","930070118",1369
"2792","930070119",1581
"2793","930070120",1030
"2794","930070121",1504
"2795","930080101",1046
"2796","930080102",859
"2797","930080103",555
"2798","930080104",476
"2799","930080106",1688
"2800","930080107",674
"2801","930080108",401
"2802","930080109",450
"2803","930080110",1247
"2804","930080111",269
"2805","930080112",1960
"2806","930080113",1275
"2807","930080114",2652
"2808","930080115",1827
"2809","930080116",718
"2810","930080117",773
"2811","930080118",707
"2812","930080119",983
"2813","930080120",871
"2814","930100101",585
"2815","930100102",621
"2816","930100103",1059
"2817","930100104",890
"2818","930100105",1082
"2819","930100106",713
"2820","930100107",750
"2821","930100108",13
"2822","930100201",942
"2823","930100202",1588
"2824","930100203",907
"2825","930100204",1203
"2826","930100301",702
"2827","930100302",1489
"2828","930100303",926
"2829","930100304",1054
"2830","930100305",1210
"2831","930100401",960
"2832","930100402",981
"2833","930100403",923
"2834","930100404",818
"2835","930100405",823
"2836","930130101",24
"2837","930130102",904
"2838","930130103",1060
"2839","930130104",1257
"2840","930130105",704
"2841","930130106",1391
"2842","930130107",1004
"2843","930140102",310
"2844","930140103",1628
"2845","930140104",2178
"2846","930140105",170
"2847","930140106",758
"2848","930140107",941
"2849","930140108",633
"2850","930140109",1892
"2851","930140110",1345
"2852","930140111",687
"2853","930140112",872
"2854","930140113",927
"2855","930270101",285
"2856","930270102",1
"2857","930270103",1043
"2858","930270104",1140
"2859","930270105",881
"2860","930270109",2738
"2861","930270110",857
"2862","930270111",1988
"2863","930270113",984
"2864","930270114",1492
"2865","930270115",2338
"2866","930270117",978
"2867","930270118",970
"2868","930270119",640
"2869","930290101",772
"2870","930290102",821
"2871","930290201",946
"2872","930290202",721
"2873","930290203",716
"2874","930290301",1256
"2875","930290302",1314
"2876","930290401",1287
"2877","930290402",754
"2878","930290403",2165
"2879","930290501",774
"2880","930290502",713
"2881","930290503",928
"2882","930290601",875
"2883","930290602",965
"2884","930290603",1872
"2885","930290604",1026
"2886","930290701",567
"2887","930290702",817
"2888","930290703",597
"2889","930290704",896
"2890","930290801",900
"2891","930290802",1505
"2892","930290803",561
"2893","930290804",181
"2894","930290901",680
"2895","930290902",663
"2896","930290903",1051
"2897","930290904",747
"2898","930300101",1835
"2899","930300102",1172
"2900","930300103",880
"2901","930300104",727
"2902","930310101",643
"2903","930310102",873
"2904","930310103",1532
"2905","930310104",1142
"2906","930310201",1508
"2907","930310202",1413
"2908","930310203",951
"2909","930310301",855
"2910","930310302",780
"2911","930310303",1799
"2912","930310304",1050
"2913","930310401",1950
"2914","930310402",1085
"2915","930310403",881
"2916","930310404",1244
"2917","930310405",372
"2918","930310501",811
"2919","930310502",1078
"2920","930310601",1487
"2921","930320101",744
"2922","930320102",952
"2923","930320103",731
"2924","930320104",772
"2925","930320105",724
"2926","930320106",759
"2927","930320107",1318
"2928","930320108",889
"2929","930320109",719
"2930","930320110",874
"2931","930320111",1036
"2932","930320112",1189
"2933","930320113",896
"2934","930320114",756
"2935","930320115",866
"2936","930320116",1108
"2937","930320117",1123
"2938","930330101",2223
"2939","930330102",1950
"2940","930330103",2705
"2941","930390101",2255
"2942","930390102",2792
"2943","930390103",2703
"2944","930450101",811
"2945","930450102",845
"2946","930450103",1217
"2947","930450104",763
"2948","930450105",1173
"2949","930450106",1414
"2950","930450107",843
"2951","930450108",885
"2952","930450109",832
"2953","930450110",896
"2954","930460101",974
"2955","930460102",635
"2956","930460103",723
"2957","930460104",909
"2958","930460105",1605
"2959","930460106",768
"2960","930460107",935
"2961","930460108",1341
"2962","930460109",1027
"2963","930460110",962
"2964","930460111",797
"2965","930460112",846
"2966","930460113",1163
"2967","930460114",715
"2968","930460115",862
"2969","930460116",1008
"2970","930460117",1064
"2971","930460118",1205
"2972","930470101",1027
"2973","930470102",594
"2974","930470103",685
"2975","930470104",727
"2976","930470105",1155
"2977","930470106",673
"2978","930470107",919
"2979","930470108",1185
"2980","930470109",717
"2981","930470110",681
"2982","930470111",838
"2983","930470112",683
"2984","930480101",1450
"2985","930480102",886
"2986","930480103",758
"2987","930480104",1537
"2988","930480105",975
"2989","930480201",829
"2990","930480202",1204
"2991","930480203",1740
"2992","930480204",945
"2993","930480205",1554
"2994","930480206",574
"2995","930480301",1021
"2996","930480302",1516
"2997","930480401",690
"2998","930480402",816
"2999","930480403",826
"3000","930480404",918
"3001","930480501",1144
"3002","930480502",1356
"3003","930480601",1950
"3004","930480602",1336
"3005","930480603",1045
"3006","930480604",1514
"3007","930480701",566
"3008","930480702",863
"3009","930480703",1499
"3010","930480704",700
"3011","930480801",848
"3012","930480802",789
"3013","930480803",1034
"3014","930480901",704
"3015","930480902",947
"3016","930480903",767
"3017","930481001",1929
"3018","930481002",490
"3019","930481003",521
"3020","930481101",779
"3021","930481102",563
"3022","930481103",1195
"3023","930481104",456
"3024","930481105",598
"3025","930490101",679
"3026","930490102",676
"3027","930490103",546
"3028","930490104",799
"3029","930490105",586
"3030","930490106",1903
"3031","930490107",867
"3032","930490108",788
"3033","930490109",618
"3034","930500101",609
"3035","930500102",1805
"3036","930500103",657
"3037","930500104",1190
"3038","930500105",1079
"3039","930500106",581
"3040","930500107",981
"3041","930500108",1200
"3042","930500109",774
"3043","930500110",1246
"3044","930500111",639
"3045","930500112",1093
"3046","930500113",742
"3047","930500114",514
"3048","930500115",154
"3049","930510101",2169
"3050","930510102",977
"3051","930510103",1198
"3052","930510105",1565
"3053","930510106",1667
"3054","930510201",850
"3055","930510202",1297
"3056","930510203",19
"3057","930510204",1267
"3058","930510301",2159
"3059","930510302",1017
"3060","930510303",425
"3061","930510304",1027
"3062","930510401",2147
"3063","930510402",677
"3064","930510403",637
"3065","930510404",1020
"3066","930510405",910
"3067","930510501",1177
"3068","930510502",1974
"3069","930510503",632
"3070","930530101",1471
"3071","930530102",1222
"3072","930530103",988
"3073","930530104",716
"3074","930530105",910
"3075","930530106",1175
"3076","930530107",1181
"3077","930530108",868
"3078","930530109",692
"3079","930530110",813
"3080","930530111",808
"3081","930530112",1075
"3082","930530113",753
"3083","930530114",817
"3084","930530115",818
"3085","930530116",3066
"3086","930530117",17
"3087","930550101",631
"3088","930550102",1949
"3089","930550201",1222
"3090","930550202",1065
"3091","930550301",895
"3092","930550302",740
"3093","930550401",1329
"3094","930550402",1205
"3095","930550403",1863
"3096","930550501",1581
"3097","930550502",1976
"3098","930550601",1147
"3099","930550602",935
"3100","930550603",566
"3101","930550701",1752
"3102","930550702",1089
"3103","930550801",843
"3104","930550802",1603
"3105","930570101",908
"3106","930570102",1290
"3107","930570103",1051
"3108","930570104",932
"3109","930570105",710
"3110","930570106",1023
"3111","930570107",839
"3112","930570108",948
"3113","930570109",1596
"3114","930590101",1804
"3115","930590102",1467
"3116","930590103",609
"3117","930590104",891
"3118","930590105",1356
"3119","930590106",1239
"3120","930590107",1502
"3121","930590108",486
"3122","930590109",1829
"3123","930610101",808
"3124","930610102",955
"3125","930610103",1124
"3126","930610104",1125
"3127","930610105",563
"3128","930610106",1382
"3129","930610107",691
"3130","930620101",676
"3131","930620102",968
"3132","930620103",1015
"3133","930620104",919
"3134","930620105",1048
"3135","930620106",1019
"3136","930630101",58
"3137","930630102",1141
"3138","930630103",743
"3139","930630104",1104
"3140","930630105",915
"3141","930630106",1173
"3142","930630107",1190
"3143","930630108",1340
"3144","930630109",591
"3145","930630110",1127
"3146","930630111",315
"3147","930640101",12
"3148","930640102",1489
"3149","930640103",784
"3150","930640104",1449
"3151","930640105",862
"3152","930640106",1094
"3153","930640107",1124
"3154","930640108",639
"3155","930640109",635
"3156","930640110",720
"3157","930640111",1757
"3158","930640112",1265
"3159","930640113",1150
"3160","930640114",1237
"3161","930640116",2509
"3162","930640117",1238
"3163","930640118",7
"3164","930660101",570
"3165","930660102",1187
"3166","930660201",1661
"3167","930660202",976
"3168","930660301",1160
"3169","930660302",909
"3170","930660401",1728
"3171","930660402",906
"3172","930660403",1950
"3173","930660501",623
"3174","930660502",873
"3175","930660503",920
"3176","930660504",781
"3177","930660601",403
"3178","930660602",1477
"3179","930660701",623
"3180","930660702",471
"3181","930660703",720
"3182","930660704",931
"3183","930660705",261
"3184","930660801",1248
"3185","930660802",928
"3186","930660901",1160
"3187","930660902",1028
"3188","930660903",754
"3189","930660904",1168
"3190","930660905",628
"3191","930660906",770
"3192","930660907",1076
"3193","930660908",971
"3194","930661001",587
"3195","930661002",1421
"3196","930661003",723
"3197","930661004",528
"3198","930661101",1933
"3199","930661102",2368
"3200","930661103",3188
"3201","930661104",485
"3202","930661501",2256
"3203","930700101",660
"3204","930700102",1395
"3205","930700103",1286
"3206","930700104",1000
"3207","930700105",565
"3208","930700106",1305
"3209","930700107",669
"3210","930700108",711
"3211","930700109",3364
"3212","930700110",919
"3213","930700111",682
"3214","930700112",443
"3215","930700113",1471
"3216","930700114",728
"3217","930700115",909
"3218","930700116",780
"3219","930700117",1111
"3220","930700118",1375
"3221","930710101",1175
"3222","930710102",344
"3223","930710103",734
"3224","930710104",807
"3225","930710105",463
"3226","930710106",1499
"3227","930710107",751
"3228","930710108",1383
"3229","930710109",810
"3230","930710110",621
"3231","930710111",2171
"3232","930710112",1684
"3233","930710113",845
"3234","930710114",548
"3235","930710115",535
"3236","930710116",1019
"3237","930710117",1029
"3238","930710118",582
"3239","930710119",1293
"3240","930710120",543
"3241","930710121",998
"3242","930720101",251
"3243","930720102",937
"3244","930720103",567
"3245","930720104",910
"3246","930720105",546
"3247","930720106",429
"3248","930720107",1494
"3249","930720109",663
"3250","930720110",1215
"3251","930720111",1660
"3252","930720112",1295
"3253","930720113",568
"3254","930720114",733
"3255","930720115",783
"3256","930720116",808
"3257","930720117",1053
"3258","930730101",1068
"3259","930730201",1100
"3260","930730202",749
"3261","930730301",1197
"3262","930730302",759
"3263","930730303",976
"3264","930730304",896
"3265","930730401",1953
"3266","930730402",1401
"3267","930730403",759
"3268","930730404",514
"3269","930730501",1074
"3270","930730502",1612
"3271","930740101",4690
"3272","930740102",2026
"3273","930770101",1059
"3274","930770102",919
"3275","930770103",1472
"3276","930770104",556
"3277","930770105",956
"3278","930770106",1037
"3279","930770107",805
"3280","930770108",1016
"3281","930770109",866
"3282","930770110",773
"3283","930770111",967
"3284","930770112",1129
"3285","930780101",28
"3286","930780102",789
"3287","930780103",528
"3288","930780104",1872
"3289","930780105",1815
"3290","930780106",1062
"3291","930780107",777
"3292","930780108",793
"3293","930780109",807
"3294","930780110",654
"3295","930780111",855
"3296","930780112",796
"3297","930780113",894
"3298","930780114",782
"3299","930780115",704
"3300","930780116",1000
"3301","930790101",849
"3302","930790102",1346
"3303","930790103",725
"3304","930790104",657
"3305","930790105",1260
"3306","940020101",1204
"3307","940020102",1376
"3308","940020103",1014
"3309","940020104",1054
"3310","940020105",1344
"3311","940020106",1952
"3312","940020107",684
"3313","940020108",884
"3314","940020109",931
"3315","940020201",807
"3316","940020202",1286
"3317","940020203",1561
"3318","940020204",1400
"3319","940020205",524
"3320","940020206",1172
"3321","940030101",1686
"3322","940030102",597
"3323","940030103",795
"3324","940030104",1311
"3325","940030105",746
"3326","940030106",617
"3327","940030107",537
"3328","940030108",1109
"3329","940030109",1108
"3330","940040101",1214
"3331","940040102",871
"3332","940040103",771
"3333","940040104",1077
"3334","940040105",1238
"3335","940040106",771
"3336","940110101",336
"3337","940110102",962
"3338","940110103",805
"3339","940110104",788
"3340","940110105",658
"3341","940110106",1307
"3342","940110107",697
"3343","940110108",1055
"3344","940150101",1180
"3345","940150102",852
"3346","940150103",716
"3347","940150104",866
"3348","940150105",1243
"3349","940150106",1265
"3350","940160101",1748
"3351","940160102",744
"3352","940160103",423
"3353","940160104",1180
"3354","940160105",749
"3355","940160106",959
"3356","940160107",1017
"3357","940160108",1519
"3358","940160109",648
"3359","940160110",801
"3360","940160111",1337
"3361","940170101",715
"3362","940170102",489
"3363","940170103",869
"3364","940170201",872
"3365","940170202",1093
"3366","940170203",797
"3367","940170301",1066
"3368","940170302",1238
"3369","940170401",1053
"3370","940170402",1147
"3371","940170501",1049
"3372","940170502",964
"3373","940170601",1553
"3374","940170701",1196
"3375","940170702",575
"3376","940170703",462
"3377","940170704",653
"3378","940170801",1146
"3379","940170901",878
"3380","940171001",778
"3381","940171002",871
"3382","940171101",515
"3383","940171102",991
"3384","940171103",1673
"3385","940171201",1410
"3386","940171202",959
"3387","940171203",566
"3388","940171204",1179
"3389","940171301",947
"3390","940171302",846
"3391","940171303",751
"3392","940171304",890
"3393","940171401",902
"3394","940180101",1655
"3395","940180102",940
"3396","940180103",618
"3397","940180104",883
"3398","940180105",627
"3399","940180106",1140
"3400","940180107",1200
"3401","940180108",1772
"3402","940180109",1810
"3403","940180110",1339
"3404","940190101",691
"3405","940190102",804
"3406","940190103",892
"3407","940190104",1099
"3408","940190105",964
"3409","940190106",597
"3410","940190107",1115
"3411","940190108",1322
"3412","940210102",526
"3413","940210103",542
"3414","940210104",768
"3415","940210105",1200
"3416","940210106",1331
"3417","940210107",794
"3418","940210108",1787
"3419","940210109",625
"3420","940220101",1541
"3421","940220102",1090
"3422","940220103",1350
"3423","940220104",2167
"3424","940220105",1022
"3425","940220106",949
"3426","940220107",1285
"3427","940220108",2008
"3428","940220201",658
"3429","940220202",950
"3430","940220203",835
"3431","940220204",640
"3432","940220205",1245
"3433","940220206",1191
"3434","940280101",478
"3435","940280102",905
"3436","940280103",1166
"3437","940280104",954
"3438","940280201",1358
"3439","940280202",1232
"3440","940280204",1360
"3441","940280205",628
"3442","940280206",1979
"3443","940280207",1276
"3444","940280208",1625
"3445","940280209",1086
"3446","940280210",1115
"3447","940280211",895
"3448","940280212",186
"3449","940280215",2521
"3450","940280301",857
"3451","940280302",589
"3452","940280303",1000
"3453","940280304",586
"3454","940280305",1156
"3455","940280306",1302
"3456","940280307",650
"3457","940280401",540
"3458","940280402",622
"3459","940280403",1000
"3460","940280404",582
"3461","940280405",3378
"3462","940280406",628
"3463","940280407",1118
"3464","940280408",1264
"3465","940330101",452
"3466","940330102",789
"3467","940330103",1231
"3468","940330104",616
"3469","940330105",1262
"3470","940330106",886
"3471","940330107",2113
"3472","940330108",1638
"3473","940330109",763
"3474","940330110",618
"3475","940330111",680
"3476","940330112",677
"3477","940330113",1482
"3478","940330114",798
"3479","940330115",1346
"3480","940330116",808
"3481","940330117",1034
"3482","940330118",1048
"3483","940330119",874
"3484","940330120",1172
"3485","940330121",985
"3486","940340101",832
"3487","940340102",1047
"3488","940340103",799
"3489","940340104",1457
"3490","940340105",722
"3491","940340106",1167
"3492","940340107",1139
"3493","940340108",1087
"3494","940340109",1105
"3495","940340112",757
"3496","940370101",519
"3497","940370102",1121
"3498","940370103",826
"3499","940370104",871
"3500","940370105",941
"3501","940370106",718
"3502","940370107",947
"3503","940370108",587
"3504","940380102",549
"3505","940380103",744
"3506","940380104",766
"3507","940380105",907
"3508","940380106",1034
"3509","940380107",1692
"3510","940380108",817
"3511","940380109",620
"3512","940380110",1266
"3513","940380111",949
"3514","940380112",1566
"3515","940380113",1307
"3516","940410101",1258
"3517","940410102",1191
"3518","940410103",770
"3519","940410104",713
"3520","940410105",684
"3521","940410106",2023
"3522","940410107",823
"3523","940410108",879
"3524","940410109",352
"3525","940410110",650
"3526","940410201",2003
"3527","940410202",1545
"3528","940410203",1995
"3529","940410204",604
"3530","940410205",746
"3531","940410206",631
"3532","940410207",778
"3533","940410208",672
"3534","940410211",664
"3535","940410301",1493
"3536","940410302",1562
"3537","940410304",1204
"3538","940420101",1685
"3539","940420102",557
"3540","940420103",1228
"3541","940420104",675
"3542","940420105",683
"3543","940420106",1126
"3544","940420107",862
"3545","940420108",664
"3546","940430101",704
"3547","940430102",1036
"3548","940430103",1283
"3549","940430104",1320
"3550","940430105",1400
"3551","940430106",746
"3552","940430107",1068
"3553","940430108",1033
"3554","940430109",934
"3555","940440101",1164
"3556","940440102",4092
"3557","940440103",426
"3558","940440104",2014
"3559","940440105",789
"3560","940440106",706
"3561","940440107",528
"3562","940460101",601
"3563","940460102",601
"3564","940460103",1328
"3565","940460104",595
"3566","940460105",832
"3567","940460106",1004
"3568","940460107",854
"3569","940460108",2038
"3570","940460109",797
"3571","940460110",962
"3572","940460111",1369
"3573","940460201",1857
"3574","940460202",2214
"3575","940460203",548
"3576","940460204",1104
"3577","940460205",910
"3578","940460301",777
"3579","940460302",762
"3580","940460303",654
"3581","940460304",851
"3582","940460401",531
"3583","940460402",985
"3584","940460403",707
"3585","940480101",15
"3586","940480102",2277
"3587","940480103",2504
"3588","940520101",1105
"3589","940520102",1804
"3590","940520103",980
"3591","940520104",1217
"3592","940520105",1001
"3593","940520106",1118
"3594","940520107",1298
"3595","940520108",897
"3596","940520109",1050
"3597","940520110",784
"3598","940520111",965
"3599","940540101",712
"3600","940540102",512
"3601","940540103",1745
"3602","940540104",636
"3603","940540105",790
"3604","940540106",975
"3605","940540107",1196
"3606","940540108",1074
"3607","940540109",1372
"3608","940550101",1819
"3609","940550102",1828
"3610","940550103",2138
"3611","940550104",2055
"3612","940550105",2274
"3613","940580101",735
"3614","940580102",984
"3615","940580103",872
"3616","940580104",1132
"3617","940580105",958
"3618","940580106",1279
"3619","940580107",1733
"3620","940580108",1037
"3621","940580109",842
"3622","940580110",707
"3623","940580111",743
"3624","940580112",918
"3625","940580113",1206
"3626","940590101",959
"3627","940590102",1553
"3628","940590103",1397
"3629","940590104",1364
"3630","940590105",636
"3631","940590106",1061
"3632","940590107",719
"3633","940600101",698
"3634","940600102",890
"3635","940600103",613
"3636","940600104",574
"3637","940600105",1855
"3638","940650101",2595
"3639","940650102",2364
"3640","940650103",6
"3641","940650104",17
"3642","940650105",503
"3643","940670101",1140
"3644","940670102",764
"3645","940670103",866
"3646","940670104",1212
"3647","940670105",823
"3648","940670106",912
"3649","940670107",1000
"3650","940670108",866
"3651","940670109",1202
"3652","940680101",887
"3653","940680102",693
"3654","940680103",1057
"3655","940680104",951
"3656","940680105",752
"3657","940680106",952
"3658","940680107",1654
"3659","940680108",707
"3660","940680109",659
"3661","940680201",665
"3662","940680202",570
"3663","940680203",1020
"3664","940680204",701
"3665","940680301",730
"3666","940680302",939
"3667","940680303",1250
"3668","940680304",910
"3669","940680401",894
"3670","940680402",1116
"3671","940680501",761
"3672","940680502",932
"3673","940680503",1240
"3674","940680504",844
"3675","940680505",835
"3676","940680601",749
"3677","940680602",676
"3678","940680603",924
"3679","940680701",735
"3680","940680702",588
"3681","940680703",892
"3682","940680704",896
"3683","940680801",567
"3684","940680802",710
"3685","940680803",772
"3686","940690101",1403
"3687","940690102",808
"3688","940690103",1016
"3689","940690104",2125
"3690","940710101",801
"3691","940710102",795
"3692","940710103",1223
"3693","940710104",836
"3694","940710105",1218
"3695","940710106",903
"3696","940710107",994
"3697","940710108",1057
"3698","940710109",998
"3699","940710110",685
"3700","940710111",644
"3701","940730101",1363
"3702","940730102",820
"3703","940730103",950
"3704","940730104",410
"3705","940730105",748
"3706","940730106",683
"3707","940730107",749
"3708","940730108",1041
"3709","940730109",905
"3710","940730110",851
"3711","940730111",601
"3712","940730112",1504
"3713","940740102",715
"3714","940740103",992
"3715","940740104",832
"3716","940740105",736
"3717","940740108",2196
"3718","940750101",2269
"3719","940750102",2240
"3720","940750103",2339
"3721","940750104",2591
"3722","940760101",1477
"3723","940760102",992
"3724","940760103",1002
"3725","940760104",467
"3726","940760105",1196
"3727","940760106",1549
"3728","940760107",783
"3729","940760108",695
"3730","940760109",885
"3731","940760110",1139
"3732","940760111",303
"3733","940760112",1343
"3734","940760113",629
"3735","940760114",823
"3736","940760115",1987
"3737","940760116",518
"3738","940760117",798
"3739","940760118",786
"3740","940760119",665
"3741","940760120",1345
"3742","940760121",1109
"3743","940770101",1973
"3744","940770102",765
"3745","940770103",1019
"3746","940770104",867
"3747","940770105",642
"3748","940770106",1124
"3749","940770107",965
"3750","940770108",559
"3751","940780101",762
"3752","940780102",1969
"3753","940780103",830
"3754","940780104",585
"3755","940780105",484
"3756","940780201",847
"3757","940780202",862
"3758","940780203",1732
"3759","940780204",850
"3760","940780205",989
"3761","940780206",944
"3762","940780207",666
"3763","940780208",695
"3764","940790101",1045
"3765","940790102",843
"3766","940790103",1306
"3767","940790104",524
"3768","940790105",670
"3769","940790106",1733
"3770","940790107",581
"3771","940790108",1723
"3772","940790109",1934
"3773","940800101",982
"3774","940800102",852
"3775","940800103",809
"3776","940800104",1005
"3777","940800201",1264
"3778","940800202",812
"3779","940800203",1216
"3780","940800204",1415
"3781","940800205",960
"3782","940800301",1101
"3783","940800302",1142
"3784","940800303",1075
"3785","940800304",1393
"3786","940800305",997
"3787","940800306",1352
"3788","940800401",1110
"3789","940800402",1662
"3790","940810101",48
"3791","940810102",521
"3792","940810103",1614
"3793","940810104",465
"3794","940810105",644
"3795","940810106",633
"3796","940810107",964
"3797","940810108",1366
"3798","940810109",762
"3799","940810110",883
"3800","940810111",1298
"3801","940810112",1515
"3802","940810113",624
"3803","940810201",1493
"3804","940810202",676
"3805","940810203",1260
"3806","940810204",1377
"3807","940810205",1308
"3808","940810206",1455
"3809","940810207",944
"3810","940810208",683
"3811","940810209",527
"3812","940810210",399
"3813","940810211",478
"3814","940810212",1542
"3815","940810301",421
"3816","940810302",735
"3817","940810303",2101
"3818","940810304",1980
"3819","940810305",353
"3820","940810306",700
"3821","940810307",804
"3822","940810308",1076
"3823","940810309",409
"3824","940810310",1247
"3825","940810311",1011
"3826","940810312",2463
"3827","950180101",1516
"3828","950180102",883
"3829","950180201",994
"3830","950180202",2458
"3831","950180203",1147
"3832","950180204",1467
"3833","950180301",793
"3834","950180302",1296
"3835","950180303",129
"3836","950180304",1577
"3837","950180401",866
"3838","950180402",1893
"3839","950180403",1071
"3840","950180404",1425
"3841","950180405",2127
"3842","950180501",1083
"3843","950180502",1487
"3844","950180503",1081
"3845","950180504",1862
"3846","950180601",37
"3847","950180602",183
"3848","950180603",1812
"3849","950180604",1675
"3850","950180605",1437
"3851","950180606",870
"3852","950180607",714
"3853","950180701",686
"3854","950180702",981
"3855","950180703",922
"3856","950180801",987
"3857","950180802",1159
"3858","950180901",908
"3859","950180902",1871
"3860","950180903",972
"3861","950181001",902
"3862","950181002",1063
"3863","950181003",853
"3864","950190101",985
"3865","950190102",990
"3866","950190103",972
"3867","950190104",930
"3868","950190105",931
"3869","950190106",944
"3870","950390101",2555
"3871","950390102",2127
"3872","950390103",2253
"3873","950510101",2034
"3874","950510102",2171
"3875","950510103",1972
"3876","950510104",2092
"3877","950510105",212
"3878","950520101",2697
"3879","950520102",2539
"3880","950520103",2306
"3881","950520104",1796
"3882","950600101",2471
"3883","950600102",2768
"3884","950600103",1945
"3885","950630101",888
"3886","950630102",1333
"3887","950630103",1052
"3888","950630104",1173
"3889","950630105",898
"3890","950630106",689
"3891","950630107",547
"3892","950630108",897
"3893","950630109",998
"3894","950630110",1473
"3895","950630111",1103
"3896","950910101",2234
"3897","950910102",1812
"3898","950910103",1852
"3899","951270101",408
"3900","951270102",929
"3901","951270103",527
"3902","951270104",1276
"3903","951270105",887
"3904","951270106",1065
"3905","951270107",1768
"3906","951270108",1
"3907","951270109",5
"3908","951270110",720
"3909","951270111",1333
"3910","951270112",585
"3911","951270113",576
"3912","951270114",1139
"3913","951270115",387
"3914","951270116",523
"3915","951270117",1149
"3916","951270118",523
"3917","951270119",655
"3918","951270120",674
"3919","951270121",458
"3920","951270122",439
"3921","951270123",366
"3922","951270125",361
"3923","951270127",510
"3924","951270130",4232
"3925","951270132",729
"3926","951760101",1368
"3927","951760102",1271
"3928","951760103",2465
"3929","951760104",1461
"3930","951760105",1438
"3931","951760106",1392
"3932","951970101",1278
"3933","951970102",785
"3934","951970103",852
"3935","951970104",753
"3936","951970105",1095
"3937","951970106",1367
"3938","951970107",555
"3939","951970108",980
"3940","951970109",994
"3941","951990101",962
"3942","951990102",606
"3943","951990103",847
"3944","951990104",876
"3945","951990105",888
"3946","951990106",882
"3947","951990107",891
"3948","952030101",1050
"3949","952030102",684
"3950","952030103",681
"3951","952030104",532
"3952","952030105",655
"3953","952030106",1060
"3954","952030107",1243
"3955","952030108",2159
"3956","952030109",925
"3957","952030110",589
"3958","952050101",2081
"3959","952050102",2791
"3960","952050103",2316
"3961","952100101",1100
"3962","952100201",1002
"3963","952100301",697
"3964","952100401",756
"3965","952100501",856
"3966","952180101",1270
"3967","952180102",699
"3968","952180103",780
"3969","952180104",838
"3970","952180105",842
"3971","952180106",755
"3972","952180107",1481
"3973","952180108",42
"3974","952190101",722
"3975","952190102",916
"3976","952190103",823
"3977","952190201",539
"3978","952190202",715
"3979","952190301",1728
"3980","952190401",948
"3981","952190501",1363
"3982","952190601",1021
"3983","952190701",759
"3984","952190702",805
"3985","952190801",726
"3986","952290101",2332
"3987","952290102",2300
"3988","952290103",2342
"3989","952290104",2627
"3990","952500101",2922
"3991","952500102",2141
"3992","952500103",2319
"3993","952500104",2355
"3994","952520101",1418
"3995","952520102",1046
"3996","952520103",865
"3997","952520104",616
"3998","952520105",884
"3999","952520106",689
"4000","952520107",570
"4001","952520108",723
"4002","952520109",445
"4003","952520110",412
"4004","952520111",848
"4005","952520112",1341
"4006","952520113",605
"4007","952520114",732
"4008","952520115",1407
"4009","952520116",504
"4010","952680101",2024
"4011","952680102",541
"4012","952680103",534
"4013","952680104",378
"4014","952680105",488
"4015","952680106",1190
"4016","952680107",465
"4017","952680108",975
"4018","952680109",1240
"4019","952680110",744
"4020","952680111",1001
"4021","952680112",788
"4022","952680113",2136
"4023","952680114",1162
"4024","952680115",2321
"4025","952770101",788
"4026","952770102",600
"4027","952770103",986
"4028","952770201",1300
"4029","952770202",950
"4030","952770301",482
"4031","952770302",973
"4032","952770303",1359
"4033","952770401",1020
"4034","952770402",501
"4035","952770403",818
"4036","952770501",188
"4037","952800101",1878
"4038","952800102",1803
"4039","952800103",1321
"4040","952800104",715
"4041","952800105",849
"4042","952800106",1386
"4043","952800107",1168
"4044","952800108",966
"4045","952800109",155
"4046","952800110",748
"4047","952800111",995
"4048","952880101",2194
"4049","952880102",3269
"4050","952880103",2714
"4051","953060101",581
"4052","953060102",1548
"4053","953060103",1677
"4054","953060104",406
"4055","953060105",1543
"4056","953060106",677
"4057","953060107",938
"4058","953060108",1719
"4059","953060109",1646
"4060","953130101",1172
"4061","953130102",815
"4062","953130103",737
"4063","953130104",881
"4064","953130105",1048
"4065","953230101",858
"4066","953230102",727
"4067","953230103",920
"4068","953230104",774
"4069","953230105",1041
"4070","953230106",851
"4071","953230107",1094
"4072","953510101",2482
"4073","953510102",2549
"4074","953510103",5167
"4075","953710101",3292
"4076","953710102",2299
"4077","953880101",2500
"4078","953880102",2891
"4079","953940101",2762
"4080","953940106",2589
"4081","953940109",2661
"4082","953940110",1811
"4083","954240101",1096
"4084","954240102",1221
"4085","954240201",813
"4086","954240301",1016
"4087","954240302",1079
"4088","954240303",1400
"4089","954240401",1542
"4090","954270101",1159
"4091","954270102",661
"4092","954270103",640
"4093","954270104",955
"4094","954270105",586
"4095","954270106",816
"4096","954270107",155
"4097","954280101",1040
"4098","954280102",672
"4099","954280103",770
"4100","954280201",643
"4101","954280202",629
"4102","954280203",601
"4103","954280204",678
"4104","954280301",787
"4105","954280302",631
"4106","954280303",961
"4107","954280304",783
"4108","954760101",137
"4109","954760102",1301
"4110","954760103",56
"4111","954760104",952
"4112","954760105",856
"4113","954760106",133
"4114","954760107",1355
"4115","954760108",1253
"4116","954800101",2267
"4117","954800102",3282
"4118","954870101",1971
"4119","954870102",415
"4120","954870103",410
"4121","954870104",811
"4122","954870105",1111
"4123","954880101",2522
"4124","954880102",2529
"4125","954880103",2179
"4126","954880104",20
"4127","954880105",38
"4128","954880106",149
"4129","954910101",16
"4130","954910102",3375
"4131","954910103",2283
"4132","954910104",2396
"4133","954910105",65
"4134","955000103",1188
"4135","955000201",1830
"4136","955000301",412
"4137","955000304",1042
"4138","955000401",1105
"4139","955000501",1225
"4140","955000601",689
"4141","955000701",1893
"4142","955000801",1383
"4143","955000901",698
"4144","955390101",1196
"4145","955390102",1436
"4146","955390103",10
"4147","955390104",785
"4148","955390105",710
"4149","955390106",756
"4150","955390107",594
"4151","955550101",815
"4152","955550102",1049
"4153","955550103",951
"4154","955550104",938
"4155","955550105",1079
"4156","955550106",1232
"4157","955550107",566
"4158","955550108",1097
"4159","955630102",1005
"4160","955630103",1052
"4161","955630104",1233
"4162","955630105",605
"4163","955630106",1391
"4164","955630107",794
"4165","955720101",818
"4166","955720102",1439
"4167","955720103",2134
"4168","955720104",469
"4169","955720105",735
"4170","955720106",878
"4171","955720108",992
"4172","955720112",1727
"4173","955720116",101
"4174","955720117",4
"4175","955720118",135
"4176","955740101",13
"4177","955740102",1845
"4178","955740103",2330
"4179","955740104",2753
"4180","955820101",1292
"4181","955820102",854
"4182","955820103",890
"4183","955820104",1133
"4184","955820105",767
"4185","955820106",1249
"4186","955820107",1040
"4187","955820108",1148
"4188","955820109",1051
"4189","955820110",997
"4190","955850101",413
"4191","955850102",782
"4192","955850103",999
"4193","955850104",672
"4194","955850105",679
"4195","955850106",722
"4196","955850107",715
"4197","955850108",1004
"4198","955850109",817
"4199","955850110",1133
"4200","955850111",986
"4201","955850112",639
"4202","955850113",741
"4203","955850114",1089
"4204","955850115",2068
"4205","955850116",1028
"4206","955850117",989
"4207","955850118",799
"4208","955850119",1310
"4209","955850120",976
"4210","955850121",705
"4211","955850122",793
"4212","955850123",729
"4213","955850124",618
"4214","955850125",1042
"4215","955980101",1440
"4216","955980102",1092
"4217","955980103",792
"4218","955980104",762
"4219","955980105",1073
"4220","955980106",1102
"4221","955980107",738
"4222","956070101",136
"4223","956070102",868
"4224","956070103",438
"4225","956070104",1263
"4226","956070105",943
"4227","956070106",771
"4228","956070107",925
"4229","956070108",853
"4230","956070110",869
"4231","956070111",799
"4232","956070112",653
"4233","956070113",1699
"4234","956370101",1616
"4235","956370102",899
"4236","956370103",589
"4237","956370104",1447
"4238","956370105",1141
"4239","956370106",353
"4240","956800101",179
"4241","956800102",1097
"4242","956800103",584
"4243","956800104",930
"4244","956800105",645
"4245","956800106",2
"4246","956800107",673
"4247","956800108",1127
"4248","956800109",873
"4249","956800110",1179
"4250","956800111",901
"4251","956800112",840
"4252","956800113",1005
"4253","956800114",537
